192195088,4599
192200054,4603
192206464,4599
192212709,4599
192224146,4600
192230320,4600
192236547,4598
192242829,4598
192249080,4599
192255346,4598
192261588,4604
192267857,4599
192274129,4596
192280331,4596
192287178,4595
192293422,4598
192299655,4599
192305933,4595
192312167,4598
192318438,4596
192324650,4598
192330187,4602
192335384,4598
192341613,4599
192347823,4594
192359391,4598
192365548,4599
192371760,4596
192378001,4603
192384177,4599
192390416,4599
192396581,4605
192402786,4601
192408928,4603
192415140,4602
192421341,4596
192427501,4601
192433716,4598
192439933,4601
192446125,4598
192452356,4600
192458553,4594
192463805,4598
192469236,4596
192475436,4598
192481579,4602
192493575,4602
192499788,4599
192505960,4598
192512158,4599
192518315,4601
192524506,4600
192530688,4597
192536860,4600
192543088,4600
192549295,4602
192555459,4596
192561633,4603
192567799,4603
192574007,4601
192580219,4598
192586377,4600
192592571,4600
192598035,4598
192603262,4599
192608707,4597
192614866,4598
192626261,4600
192632423,4598
192638603,4595
192644764,4597
192650925,4602
192657112,4598
192663347,4599
192669507,4601
192675720,4599
192681899,4601
192688102,4598
192694271,4595
192700429,4596
192707218,4601
192713360,4601
192719502,4603
192725700,4597
192731857,4599
192736526,4597
192742752,4602
192747950,4597
192754169,4597
192760346,4598
192766471,4602
192772671,4601
192778849,4598
192785020,4601
192791211,4599
192804027,4595
192810276,4600
192816481,4598
192822698,4598
192828879,4598
192835013,4601
192841222,4604
192847462,4598
192853633,4601
192859830,4596
192865315,4602
192870565,4598
192876032,4597
192882229,4600
192888394,4597
192899758,4599
192905959,4604
192912152,4604
192918356,4604
192925284,4596
192931463,4599
192937630,4595
192943858,4602
192950072,4594
192956272,4603
192962472,4595
192968671,4598
192974851,4603
192981033,4599
192987273,4591
192993495,4601
192998985,4601
193004203,4601
193009602,4604
193015820,4601
193022027,4597
193033432,4597
193039627,4597
193045815,4600
193052024,4605
193058283,4597
193064399,4596
193070584,4603
193076736,4601
193082914,4595
193089103,4599
193095369,4598
193101563,4601
193107747,4598
193113916,4597
193120140,4599
193126319,4600
193133125,4600
193138626,4601
193144803,4599
193150985,4601
193157157,4599
193168587,4606
193174768,4599
193180927,4594
193187095,4595
193193302,4599
193199453,4595
193205643,4596
193211844,4598
193218091,4598
193224307,4597
193230444,4594
193236622,4595
193242834,4595
193249003,4600
193255233,4603
193261406,4600
193267612,4598
193272266,4603
193278470,4599
193283677,4590
193289879,4599
193301496,4600
193307667,4595
193313880,4598
193320052,4597
193326226,4597
193332513,4594
193338732,4596
193345545,4593
193351808,4596
193357977,4595
193364136,4602
193370309,4598
193376520,4603
193382757,4599
193388941,4607
193395122,4595
193401334,4597
193406574,4599
193412762,4600
193418211,4601
193424425,4598
193435792,4603
193441951,4597
193448152,4597
193454364,4600
193460527,4596
193466733,4596
193472918,4597
193479130,4597
193485329,4600
193491548,4596
193497750,4596
193503927,4601
193510133,4603
193516344,4601
193522545,4605
193528781,4602
193534995,4603
193541227,4601
193546674,4598
193552906,4598
193559786,4595
193571204,4604
193577352,4597
193583589,4598
193589843,4601
193595978,4600
193602198,4594
193608393,4599
193614625,4599
193620789,4599
193626990,4597
193633224,4600
193639385,4597
193645581,4602
193651814,4600
193657975,4599
193664205,4597
193670427,4599
193676635,4602
193681352,4602
193687544,4601
193692774,4603
193698945,4597
193705131,4600
193711299,4601
193717462,4599
193723614,4601
193729800,4597
193735990,4600
193742220,4595
193748438,4600
193754595,4596
193760807,4596
193767624,4596
193773793,4599
193779985,4595
193786227,4598
193792460,4598
193798672,4602
193804867,4596
193811055,4597
193815796,4600
193822018,4599
193827209,4604
193833426,4603
193844996,4602
193851183,4597
193857408,4599
193863619,4600
193869864,4597
193876015,4602
193882177,4604
193888361,4601
193894569,4600
193900802,4594
193906981,4607
193913157,4596
193919319,4601
193925529,4595
193931728,4596
193937928,4598
193944129,4592
193949337,4603
193955530,4596
193961732,4601
193967946,4602
193980352,4603
193986556,4598
193992739,4601
193998895,4598
194005104,4600
194011298,4596
194017443,4595
194023643,4596
194029805,4598
194035964,4602
194042192,4605
194054964,4595
194061202,4599
194067470,4596
194073701,4597
194079128,4597
194084375,4600
194090547,4594
194095972,4599
194102196,4601
194108393,4607
194114559,4602
194120821,4602
194127043,4598
194133262,4598
194139458,4598
194145654,4600
194151850,4603
194158081,4595
194164256,4602
194170440,4597
194176623,4600
194182845,4600
194189045,4600
194195956,4604
194202099,4601
194208331,4602
194213563,4597
194219033,4600
194225243,4599
194230439,4605
194236615,4600
194248262,4600
194254430,4601
194260677,4606
194266917,4603
194273160,4598
194279367,4600
194285552,4591
194291800,4597
194298009,4602
194304190,4598
194310432,4601
194316639,4597
194322836,4598
194329042,4600
194335238,4599
194341441,4595
194347617,4599
194352885,4601
194359072,4604
194365283,4599
194371512,4591
194383181,4595
194389409,4601
194395583,4602
194401814,4602
194408715,4598
194414891,4608
194421071,4599
194427249,4597
194433464,4598
194439601,4593
194445795,4601
194451986,4599
194458162,4596
194464384,4603
194470568,4601
194476813,4597
194483043,4599
194487603,4604
194493798,4598
194499215,4602
194505413,4597
194511581,4601
194517792,4603
194523985,4594
194530161,4598
194536331,4600
194542556,4597
194548791,4598
194555011,4602
194561185,4601
194567377,4598
194573551,4599
194579764,4595
194585955,4597
194592173,4603
194598441,4601
194604681,4598
194610936,4597
194617802,4600
194622356,4598
194628528,4604
194633977,4600
194640138,4594
194646373,4601
194657755,4597
194663993,4599
194670252,4598
194676458,4603
194682597,4597
194688871,4597
194694845,4599
194701015,4598
194707240,4601
194713448,4599
194719638,4603
194725851,4601
194732008,4599
194738238,4598
194744470,4599
194750677,4605
194756171,4600
194762384,4598
194768558,4594
194774818,4599
194780988,4597
194792361,4598
194798556,4601
194804788,4609
194811019,4600
194817227,4598
194824018,4597
194830282,4604
194836474,4599
194842633,4602
194848837,4597
194855045,4602
194861267,4600
194867466,4599
194873617,4599
194879804,4599
194885985,4599
194891490,4596
194896715,4598
194902920,4597
194908395,4599
194914604,4601
194926111,4600
194932307,4599
194938521,4594
194944755,4597
194951003,4598
194957221,4602
194963383,4602
194969573,4597
194975801,4605
194981983,4603
194988205,4604
194994432,4597
195000605,4595
195006856,4599
195013083,4598
195019310,4599
195024879,4596
195030329,4596
195037174,4597
195042391,4603
195048572,4604
195054736,4597
195060950,4603
195067121,4600
195073345,4602
195079574,4601
195085766,4599
195091975,4599
195098223,4600
195104386,4593
195110565,4599
195116568,4599
195122773,4598
195129000,4600
195135225,4603
195141421,4599
195147614,4600
195153842,4597
195159333,4600
195165539,4603
195171770,4599
195176889,4596
195182838,4601
195189008,4601
195200680,4604
195206892,4601
195213087,4603
195219278,4600
195225579,4603
195231800,4598
195237990,4604
195244123,4598
195250948,4597
195257165,4603
195263355,4599
195269587,4598
195275823,4602
195282017,4597
195288223,4599
195300026,4600
195306213,4600
195312483,4597
195318719,4597
195330467,4598
195336649,4599
195342901,4604
195349080,4598
195355275,4602
195361485,4601
195367726,4602
195373946,4602
195380161,4601
195386407,4602
195392614,4596
195398812,4599
195404993,4599
195411231,4600
195417462,4603
195422692,4603
195428896,4597
195434365,4602
195440580,4599
195445795,4600
195451994,4597
195458233,4595
195465092,4596
195471335,4596
195477499,4598
195483730,4599
195489943,4593
195496174,4598
195502385,4598
195508573,4602
195514751,4603
195520968,4602
195527169,4597
195533399,4602
195539548,4603
195545741,4609
195551971,4601
195557458,4603
195563651,4605
195568874,4601
195575106,4599
195580533,4601
195586714,4604
195592908,4599
195599094,4594
195605322,4599
195611511,4599
195617743,4600
195623947,4597
195630196,4600
195636406,4598
195642601,4597
195648829,4597
195655035,4597
195661230,4596
195667445,4600
195673685,4602
195680495,4598
195686715,4601
195691950,4599
195698159,4599
195703579,4599
195709776,4601
195714980,4600
195721185,4598
195727396,4603
195739010,4599
195745177,4602
195751450,4596
195757700,4596
195763922,4600
195770169,4601
195776249,4602
195782409,4602
195788577,4598
195794808,4599
195801033,4600
195807207,4601
195813440,4599
195819669,4597
195825877,4603
195832075,4596
195837263,4598
195843415,4597
195849619,4599
195855823,4602
195861980,4598
195873660,4602
195879854,4599
195886019,4599
195892832,4599
195899107,4599
195905279,4594
195911498,4596
195917665,4602
195923859,4599
195930077,4605
195936195,4600
195942363,4597
195948548,4596
195954774,4594
195960971,4595
195966203,4596
195971604,4597
195977831,4600
195984032,4592
195989224,4602
195995380,4601
196001604,4601
196007842,4596
196014058,4599
196020276,4597
196026470,4597
196032651,4599
196038819,4599
196044957,4598
196051128,4605
196057297,4597
196063552,4595
196069766,4604
196075944,4596
196082135,4601
196088341,4596
196094555,4594
196100758,4599
196106192,4601
196112398,4597
196118571,4603
196123737,4597
196129908,4598
196136118,4607
196142359,4598
196148567,4596
196154761,4598
196161003,4597
196167222,4606
196173424,4603
196179593,4602
196185762,4599
196191927,4603
196198168,4596
196204391,4604
196210588,4599
196216800,4599
196222968,4598
196229198,4597
196234616,4596
196240833,4599
196247033,4601
196253219,4599
196258445,4594
196264629,4599
196270829,4601
196282419,4606
196288600,4598
196294833,4601
196301073,4594
196307262,4597
196314097,4602
196320265,4602
196326422,4605
196332642,4594
196338865,4602
196345056,4601
196351240,4600
196357440,4601
196363597,4600
196368856,4597
196375075,4600
196380542,4598
196386656,4600
196392839,4600
196399024,4600
196405211,4596
196416638,4602
196422878,4601
196429074,4595
196435293,4601
196441500,4602
196447706,4599
196453901,4602
196460062,4596
196466265,4600
196472470,4600
196478675,4599
196484865,4598
196491083,4594
196497300,4598
196502752,4602
196508981,4598
196515179,4605
196521955,4602
196528176,4601
196533457,4601
196539642,4598
196552629,4595
196558929,4595
196565100,4600
196571368,4600
196577591,4601
196583834,4601
196590026,4601
196596197,4602
196602400,4602
196608585,4593
196614850,4601
196621065,4597
196627273,4599
196632489,4599
196638740,4602
196644966,4599
196650381,4602
196656566,4602
196661790,4604
196668006,4595
196674199,4603
196685853,4599
196692084,4592
196698259,4601
196704451,4597
196710614,4597
196716808,4601
196722929,4597
196729090,4600
196735231,4600
196742054,4602
196748229,4601
196754447,4595
196760638,4599
196766860,4594
196773073,4593
196779236,4597
196784433,4598
196790625,4598
196796076,4596
196802279,4600
196808497,4600
196819933,4599
196826138,4598
196832350,4599
196838496,4599
196844693,4600
196850874,4599
196857078,4601
196863290,4599
196869509,4599
196875771,4602
196881990,4600
196888196,4601
196894353,4602
196900552,4597
196906768,4597
196912979,4601
196918418,4598
196924589,4604
196930739,4602
196936519,4597
196942746,4598
196954855,4596
196961064,4599
196967290,4599
196973481,4602
196979649,4598
196985862,4600
196992036,4600
196998243,4601
197004429,4599
197010661,4598
197016896,4602
197023065,4598
197029297,4599
197035495,4599
197040955,4599
197047163,4600
197053360,4603
197059563,4605
197065771,4595
197070973,4598
197077181,4593
197088826,4602
197095001,4595
197101221,4592
197107453,4603
197113632,4600
197119849,4598
197126034,4602
197132256,4601
197138411,4603
197144583,4603
197150819,4598
197157021,4597
197163865,4604
197170101,4598
197175298,4598
197181518,4597
197187688,4599
197193893,4600
197200069,4602
197205544,4602
197211741,4603
197223215,4602
197229403,4601
197235600,4601
197241761,4608
197247902,4596
197254124,4599
197260362,4596
197266554,4602
197272758,4599
197278922,4603
197285144,4600
197291367,4599
197297566,4599
197303750,4600
197309236,4602
197315482,4598
197321731,4605
197326948,4606
197333159,4601
197339401,4592
197345621,4594
197351835,4595
197358065,4601
197364255,4601
197371040,4600
197377313,4597
197383519,4601
197389705,4598
197395920,4601
197402069,4601
197408321,4601
197414536,4599
197420731,4598
197426947,4596
197433184,4599
197439418,4594
197444808,4599
197451141,4596
197457340,4596
197462836,4597
197469000,4598
197475234,4601
197480455,4596
197492109,4605
197498253,4600
197504420,4596
197510592,4596
197516810,4597
197522959,4599
197529161,4601
197535343,4598
197541518,4602
197547739,4601
197553955,4601
197560154,4590
197566343,4598
197572562,4597
197577789,4597
197584636,4598
197590870,4594
197596334,4599
197602565,4596
197608771,4598
197613956,4595
197620165,4600
197626395,4596
197632584,4598
197638797,4599
197644994,4592
197651199,4597
197657393,4600
197663589,4596
197669769,4595
197675946,4598
197682150,4598
197688397,4603
197694584,4600
197700774,4602
197706947,4601
197712365,4600
197718571,4599
197724753,4597
197730936,4599
197737117,4601
197743325,4598
197748582,4595
197754785,4597
197766446,4598
197772632,4601
197778839,4598
197785045,4598
197798408,4595
197804635,4600
197810910,4597
197817170,4599
197823382,4598
197829599,4599
197835814,4591
197841999,4601
197848239,4599
197854440,4600
197860661,4603
197866183,4605
197872343,4602
197877563,4600
197883780,4594
197890000,4602
197896225,4598
197902419,4602
197908622,4603
197914845,4592
197921060,4603
197927269,4598
197933454,4600
197939667,4596
197945904,4599
197952153,4594
197958365,4601
197964555,4600
197970791,4597
197977010,4599
197982432,4605
197988647,4597
197994873,4599
198000128,4602
198006364,4595
198012480,4598
198018748,4598
198030172,4599
198036337,4604
198042480,4599
198048662,4600
198054858,4600
198061034,4596
198067286,4597
198073484,4603
198079652,4601
198085895,4597
198092103,4596
198098323,4599
198104549,4597
198110771,4596
198116211,4599
198122406,4594
198128607,4595
198133814,4602
198139997,4599
198146220,4595
198152410,4600
198158684,4595
198164908,4600
198171123,4596
198177344,4600
198183539,4595
198189794,4602
198195962,4597
198202183,4601
198208375,4593
198214560,4601
198221266,4601
198227519,4599
198233775,4598
198239971,4595
198246178,4597
198251601,4595
198257808,4597
198264004,4597
198269203,4595
198275372,4599
198281558,4603
198287015,4601
198293256,4597
198304687,4597
198310890,4600
198317139,4600
198323321,4594
198329500,4600
198335704,4598
198341901,4597
198348094,4604
198354298,4597
198360495,4607
198366664,4595
198372839,4601
198379026,4602
198384428,4596
198390567,4595
198396804,4600
198402974,4600
198409177,4597
198415405,4602
198420632,4598
198426908,4599
198439320,4600
198445523,4601
198451683,4597
198457912,4600
198464102,4599
198470312,4600
198476482,4598
198482662,4597
198488887,4603
198495115,4600
198501339,4601
198507593,4600
198513844,4599
198519273,4600
198525489,4603
198531672,4604
198537867,4600
198543055,4600
198549287,4593
198554688,4599
198560911,4599
198567072,4599
198573260,4596
198579495,4600
198585704,4605
198591924,4594
198598100,4600
198604310,4599
198610526,4599
198616770,4596
198622982,4596
198629146,4599
198635356,4596
198641598,4597
198648502,4602
198653717,4602
198659965,4599
198666175,4600
198672383,4599
198677884,4603
198684107,4602
198689315,4596
198695538,4598
198701753,4596
198713399,4603
198719589,4600
198725828,4594
198732058,4599
198738285,4596
198744457,4602
198750717,4603
198756975,4603
198763201,4597
198769452,4599
198775668,4598
198781914,4600
198788151,4596
198794341,4599
198800523,4600
198806747,4596
198811961,4602
198818209,4595
198823642,4600
198829877,4599
198836088,4597
198847536,4600
198853749,4597
198860505,4599
198866713,4597
198872895,4603
198879098,4594
198885359,4596
198891566,4602
198897731,4604
198903955,4604
198910163,4599
198916381,4602
198922559,4599
198928050,4598
198934209,4605
198940370,4594
198945612,4598
198951828,4597
198958012,4594
198964197,4596
198970438,4602
198982090,4602
198988236,4596
198994408,4597
199000610,4599
199006849,4601
199012994,4602
199019162,4597
199025314,4599
199031513,4600
199044261,4598
199050486,4600
199056807,4605
199062992,4602
199069207,4601
199076092,4593
199082301,4599
199088488,4600
199093999,4595
199100236,4601
199111694,4593
199117903,4603
199124062,4606
199130268,4599
199136444,4598
199142651,4601
199148830,4601
199155031,4600
199161261,4595
199167457,4598
199173652,4598
199179833,4597
199186036,4606
199192227,4601
199197657,4600
199203878,4599
199210066,4597
199215278,4598
199221481,4599
199227664,4601
199233912,4601
199240129,4596
199246349,4598
199252520,4598
199258717,4599
199264922,4595
199271127,4605
199277319,4601
199284145,4596
199290408,4597
199296592,4599
199302484,4598
199308661,4598
199314909,4600
199321113,4596
199327339,4602
199333519,4603
199339705,4598
199345897,4596
199351348,4597
199357594,4599
199362795,4597
199368979,4602
199375172,4598
199386863,4596
199393018,4599
199399211,4602
199405425,4600
199411595,4604
199417802,4595
199423992,4599
199430147,4596
199436354,4596
199442609,4599
199448819,4600
199454960,4604
199461091,4595
199467228,4600
199473394,4595
199479591,4600
199484785,4602
199490956,4598
199497020,4593
199503239,4602
199509446,4596
199520888,4600
199527065,4598
199533321,4596
199539508,4600
199545692,4599
199551907,4598
199558065,4603
199564292,4601
199570448,4604
199576662,4598
199582878,4600
199589063,4599
199595258,4601
199601443,4598
199606873,4593
199613075,4599
199618294,4600
199624479,4601
199630671,4598
199636916,4600
199643120,4596
199654789,4601
199660959,4602
199667163,4598
199673341,4593
199679572,4594
199685782,4592
199691969,4598
199698202,4597
199704386,4595
199711190,4595
199717383,4601
199723578,4596
199729805,4600
199736000,4598
199741253,4600
199747485,4597
199752972,4600
199759142,4602
199765367,4600
199770640,4597
199776898,4595
199783065,4599
199789328,4599
199795528,4597
199801700,4594
199807903,4597
199814055,4598
199820256,4600
199826439,4598
199832646,4599
199838877,4603
199845105,4596
199851360,4600
199857587,4604
199863741,4599
199869938,4603
199875383,4596
199881603,4596
199887841,4603
199893968,4601
199900193,4602
199905396,4591
199911609,4598
199918351,4598
199930061,4602
199936250,4599
199942496,4601
199948614,4597
199954670,4600
199960919,4601
199967081,4589
199973299,4603
199979518,4599
199985716,4599
199991916,4601
199998084,4599
200004282,4597
200009460,4595
200015651,4597
200021895,4598
200027369,4598
200033616,4605
200039833,4601
200046053,4600
200052257,4601
200063642,4597
200069841,4601
200076045,4603
200082264,4602
200088436,4599
200094635,4599
200100838,4596
200106996,4598
200113208,4596
200119402,4593
200125588,4602
200132400,4595
200138585,4596
200144775,4598
200150979,4600
200157207,4600
200162673,4599
200168910,4600
200174106,4598
200180355,4603
200186559,4601
200198151,4599
200204353,4601
200210523,4598
200216763,4595
200222930,4598
200229108,4604
200235312,4594
200241498,4597
200247752,4596
200253956,4594
200260161,4596
200266357,4601
200272624,4594
200278855,4601
200284103,4600
200296926,4601
200303156,4597
200309385,4599
200315570,4601
200321781,4602
200327996,4598
200334222,4599
200340440,4597
200347213,4598
200353499,4604
200359740,4593
200365963,4600
200372249,4600
200378468,4597
200384620,4602
200390876,4603
200397100,4603
200403314,4601
200409531,4599
200414962,4591
200421159,4596
200427349,4601
200433593,4596
200439784,4600
200444996,4595
200451196,4602
200462897,4594
200469060,4597
200475229,4600
200481390,4592
200487621,4595
200493832,4593
200500062,4598
200506265,4605
200512512,4599
200518692,4601
200524943,4597
200531122,4599
200537277,4602
200543471,4596
200548659,4594
200554851,4604
200561678,4595
200567144,4606
200573373,4596
200578611,4598
200584820,4599
200596468,4600
200602625,4599
200608803,4601
200614981,4595
200621153,4602
200627372,4603
200633600,4600
200639824,4595
200646042,4602
200652240,4596
200658441,4593
200664635,4602
200670854,4598
200677039,4596
200682270,4596
200688424,4600
200694669,4599
200700910,4601
200706341,4594
200711563,4597
200717859,4599
200724036,4604
200735674,4599
200741885,4597
200748037,4596
200754202,4600
200760399,4602
200766614,4600
200773386,4600
200779605,4595
200785851,4600
200792067,4598
200798264,4600
200804458,4600
200810655,4597
200816865,4596
200823019,4596
200829197,4603
200835427,4598
200840700,4604
200846133,4595
200852332,4592
200858575,4602
200870018,4598
200876203,4603
200882379,4599
200888587,4597
200894821,4599
200901029,4596
200907276,4606
200913487,4597
200919695,4596
200925930,4598
200932187,4601
200938402,4602
200944592,4597
200950809,4607
200956980,4598
200963194,4601
200969399,4598
200974883,4602
200981092,4600
200987951,4595
200994157,4603
201000326,4597
201006548,4599
201012738,4599
201018929,4590
201025138,4600
201031356,4601
201037576,4598
201043761,4603
201049967,4593
201056153,4597
201062360,4594
201068546,4602
201074714,4606
201080911,4604
201087118,4598
201093284,4595
201099503,4606
201105716,4600
201111964,4598
201118144,4602
201124365,4595
201130556,4599
201136699,4599
201142892,4595
201149026,4598
201155185,4603
201161360,4603
201167582,4596
201173770,4595
201180000,4601
201186217,4596
201193023,4603
201199193,4594
201205396,4598
201211590,4596
201217804,4594
201224003,4602
201230186,4597
201236401,4599
201241601,4600
201247793,4602
201253995,4596
201259478,4597
201265699,4599
201277104,4598
201283297,4601
201289482,4595
201295707,4601
201301939,4599
201308044,4598
201314257,4598
201320403,4598
201326611,4594
201332830,4599
201339010,4599
201345201,4596
201351424,4593
201357604,4602
201363778,4598
201370006,4597
201375435,4599
201381639,4596
201387880,4595
201393071,4602
201399291,4595
201411593,4600
201417809,4598
201423991,4600
201430227,4601
201436398,4596
201442607,4600
201448879,4596
201455048,4599
201461258,4598
201467457,4597
201473623,4600
201479818,4598
201485964,4600
201492165,4597
201498360,4596
201503567,4601
201508987,4596
201515194,4594
201521396,4597
201526648,4598
201539449,4594
201545675,4597
201551892,4598
201558083,4596
201564344,4598
201570501,4604
201576724,4602
201582980,4595
201589202,4602
201595438,4603
201601628,4598
201607825,4594
201613996,4603
201620834,4595
201627066,4597
201633287,4599
201638734,4597
201644951,4601
201651108,4595
201656313,4599
201662475,4596
201668631,4599
201680235,4597
201686407,4597
201692612,4598
201698797,4593
201704992,4598
201711172,4600
201717373,4599
201723603,4602
201729802,4602
201735984,4608
201742197,4601
201748432,4599
201754622,4606
201760846,4598
201767027,4604
201771560,4604
201777727,4601
201783963,4595
201790154,4602
201796363,4600
201802558,4602
201808735,4601
201814955,4595
201821145,4603
201827351,4596
201834199,4597
201840433,4596
201846614,4602
201852810,4599
201858999,4598
201865208,4601
201871419,4598
201877644,4596
201883810,4605
201890019,4600
201896233,4600
201901667,4599
201906889,4599
201913119,4598
201919382,4598
201925623,4600
201931057,4598
201937294,4595
201943187,4600
201954363,4597
201960567,4602
201966753,4601
201972938,4601
201979118,4598
201985330,4596
201991560,4605
201997829,4596
202004070,4598
202010325,4598
202016527,4600
202022702,4601
202028894,4601
202035082,4597
202040501,4602
202046580,4600
202052840,4599
202059016,4601
202064182,4599
202070429,4595
202076615,4601
202082821,4601
202088995,4601
202095182,4600
202101389,4596
202107604,4599
202113841,4598
202119994,4601
202126218,4603
202132359,4597
202138530,4601
202144692,4598
202150920,4599
202157155,4595
202163412,4597
202169594,4600
202175073,4599
202180318,4597
202186515,4598
202192764,4600
202198953,4599
202205179,4599
202211375,4603
202217542,4598
202229207,4601
202235415,4599
202241633,4596
202247823,4596
202254681,4597
202260924,4601
202267115,4601
202273295,4599
202279510,4597
202285698,4601
202291926,4595
202298077,4604
202304318,4604
202310512,4604
202316759,4602
202322989,4599
202329168,4604
202335338,4596
202340531,4601
202346737,4605
202352918,4603
202364555,4596
202370732,4602
202376970,4601
202383166,4600
202389387,4600
202395656,4602
202401903,4602
202408076,4598
202414240,4599
202420480,4602
202426734,4605
202432936,4598
202439135,4599
202444405,4598
202449921,4597
202456137,4595
202462322,4596
202469232,4603
202474434,4606
202480690,4602
202486893,4601
202498515,4596
202504708,4600
202510932,4601
202517122,4603
202523383,4600
202529561,4598
202535732,4601
202541946,4605
202548113,4599
202554292,4600
202560517,4607
202566679,4600
202572925,4596
202579083,4600
202584271,4599
202590433,4599
202596618,4593
202602847,4599
202608301,4598
202614507,4597
202620724,4601
202632132,4596
202638365,4596
202644541,4597
202650753,4596
202656953,4601
202663178,4597
202669375,4600
202676181,4598
202682409,4599
202688533,4600
202694730,4599
202700970,4599
202707146,4596
202713392,4600
202718141,4596
202724349,4594
202730530,4595
202736769,4597
202741976,4596
202748145,4600
202754362,4599
202760558,4597
202766765,4595
202772987,4608
202779196,4599
202792243,4598
202798483,4600
202804677,4598
202810906,4592
202817074,4596
202823289,4596
202829511,4600
202835695,4596
202841950,4592
202847220,4600
202852707,4598
202858930,4596
202865174,4602
202871376,4603
202877583,4593
202883781,4590
202890002,4597
202901963,4595
202908169,4600
202914394,4601
202920548,4596
202926743,4604
202933004,4599
202939218,4595
202945451,4594
202951649,4601
202957851,4598
202964005,4598
202970168,4599
202976356,4598
202981928,4595
202987348,4596
202993551,4597
202999780,4604
203006005,4596
203011594,4598
203017826,4596
203024022,4604
203035400,4600
203041559,4597
203047771,4597
203053952,4598
203060171,4596
203066370,4598
203072565,4595
203078727,4596
203084932,4604
203091100,4604
203097314,4599
203104090,4596
203110361,4599
203116538,4592
203121951,4600
203128156,4599
203134379,4601
203140554,4602
203145778,4599
203151965,4595
203158104,4600
203164336,4601
203170499,4596
203176684,4601
203182927,4593
203189110,4599
203195317,4595
203201515,4597
203207696,4592
203213915,4595
203220062,4599
203226266,4601
203232469,4597
203238682,4603
203244870,4597
203251059,4599
203255758,4600
203261966,4606
203268172,4593
203274341,4600
203280554,4590
203286736,4605
203292941,4599
203299116,4595
203310522,4603
203317353,4597
203323557,4599
203329750,4596
203335930,4601
203342121,4592
203348343,4599
203354465,4595
203360621,4598
203366813,4599
203373034,4602
203379291,4597
203385508,4603
203390258,4600
203396461,4597
203402683,4597
203408945,4597
203415139,4603
203421304,4599
203427472,4599
203433703,4600
203445135,4594
203451345,4595
203457544,4602
203463750,4600
203469949,4602
203476151,4599
203482342,4601
203488536,4595
203494721,4602
203500954,4597
203507147,4602
203513341,4601
203519531,4600
203525562,4596
203531755,4602
203537929,4598
203544128,4600
203550357,4599
203555818,4600
203562023,4597
203568231,4600
203579628,4602
203585838,4601
203592003,4602
203598143,4598
203604354,4599
203610528,4600
203616721,4597
203622914,4601
203629089,4600
203635291,4599
203641504,4593
203647673,4598
203653880,4603
203659318,4596
203665571,4602
203671721,4597
203677938,4590
203684120,4599
203689302,4595
203695515,4599
203701730,4604
203713444,4595
203719654,4600
203725873,4600
203732102,4602
203738960,4601
203745198,4600
203751354,4592
203757547,4601
203763701,4600
203769919,4597
203776112,4595
203782346,4598
203788512,4602
203793729,4599
203799185,4599
203805330,4592
203811528,4604
203817697,4597
203822925,4600
203829131,4599
203835376,4601
203841578,4599
203847842,4602
203854027,4600
203860231,4599
203866451,4600
203872632,4599
203878788,4598
203884999,4597
203891193,4600
203897427,4601
203903608,4597
203909850,4596
203916022,4606
203922191,4602
203927712,4603
203932972,4596
203939228,4600
203946001,4599
203952239,4596
203957699,4605
203963922,4596
203970134,4604
203976342,4597
203987750,4594
203993963,4595
203999873,4597
204006028,4593
204012281,4598
204018506,4598
204024643,4601
204037717,4599
204043953,4602
204050212,4604
204056469,4600
204062699,4602
204068934,4596
204075130,4596
204081342,4595
204087552,4596
204093741,4598
204099968,4599
204106172,4599
204117526,4602
204123666,4597
204129900,4599
204136088,4604
204142328,4597
204148521,4596
204154734,4592
204161464,4598
204167673,4598
204173876,4602
204180052,4595
204186246,4602
204192449,4601
204197151,4596
204203323,4600
204209529,4598
204215723,4601
204221948,4600
204228139,4598
204234318,4594
204240481,4600
204251892,4601
204258081,4598
204264303,4593
204270483,4597
204276615,4596
204282821,4598
204289019,4592
204295178,4599
204301365,4598
204307552,4599
204313725,4601
204319937,4597
204326118,4601
204330764,4597
204336971,4594
204343122,4602
204349346,4597
204355540,4601
204361703,4603
204367940,4599
204374721,4599
204386156,4604
204392419,4598
204398546,4603
204404722,4597
204410959,4600
204417153,4604
204423367,4596
204429587,4597
204435834,4593
204442067,4595
204448310,4596
204454523,4597
204460729,4595
204465474,4599
204471649,4600
204477841,4594
204484026,4602
204490245,4594
204495442,4597
204501613,4597
204507813,4602
204514013,4608
204520220,4601
204526394,4599
204532607,4602
204538817,4604
204545029,4604
204551264,4595
204557450,4603
204563639,4599
204569868,4600
204576036,4598
204582874,4603
204589071,4591
204595285,4600
204600059,4601
204606292,4596
204612504,4597
204618759,4596
204624962,4599
204630171,4599
204636365,4595
204642569,4604
204648828,4600
204660446,4601
204666656,4599
204672857,4602
204679047,4597
204685233,4599
204691380,4603
204697549,4603
204703753,4604
204709984,4599
204716161,4598
204722324,4602
204728521,4598
204733753,4602
204739955,4596
204746176,4601
204752433,4602
204758587,4602
204764819,4600
204770997,4600
204777169,4598
204783422,4602
204795789,4599
204802027,4593
204808249,4607
204814479,4598
204820655,4598
204826849,4604
204833059,4594
204839284,4598
204845488,4600
204851653,4601
204857851,4603
204864029,4604
204869461,4601
204874679,4598
204880887,4605
204887053,4601
204893239,4597
204899437,4598
204904884,4600
204911092,4601
204917265,4596
204923465,4597
204929598,4601
204935847,4599
204942048,4595
204948264,4597
204954436,4601
204960628,4601
204966782,4599
204972985,4603
204979169,4597
204985363,4595
204991558,4600
204997767,4598
205003595,4601
205009105,4601
205015268,4597
205021454,4599
205027656,4602
205033854,4598
205039067,4595
205045237,4595
205051514,4600
205057721,4599
205063904,4597
205070103,4601
205076285,4596
205082516,4598
205088677,4604
205094810,4600
205100988,4593
205107183,4598
205113379,4601
205119595,4600
205125768,4594
205131950,4594
205137363,4595
205142592,4603
205148771,4599
205154967,4602
205161139,4599
205167388,4598
205173552,4601
205179734,4601
205186017,4601
205192227,4602
205203929,4595
205210141,4597
205216976,4600
205223193,4596
205229435,4605
205235648,4602
205241842,4600
205248078,4600
205254250,4598
205260467,4599
205266687,4600
205271885,4597
205283964,4596
205290145,4600
205296433,4594
205302643,4596
205308805,4602
205315020,4598
205321268,4603
205332952,4598
205339133,4598
205345364,4601
205351590,4601
205357793,4601
205363973,4595
205370185,4595
205376369,4596
205382549,4601
205388766,4602
205394974,4597
205401206,4599
205406427,4600
205412621,4601
205418805,4603
205425018,4604
205431867,4598
205438087,4601
205443552,4595
205449779,4596
205455964,4595
205467306,4597
205473505,4603
205479690,4598
205485843,4594
205492087,4604
205498298,4599
205504492,4594
205510689,4600
205516926,4596
205523128,4596
205529340,4600
205535544,4596
205541021,4596
205547283,4596
205553569,4601
205559823,4598
205566023,4601
205572198,4601
205577423,4601
205583598,4594
205589812,4602
205596066,4598
205602308,4597
205608535,4603
205614759,4599
205621047,4601
205627299,4603
205633465,4601
205639652,4602
205646421,4603
205652608,4598
205658804,4600
205665032,4596
205671220,4601
205676695,4601
205681887,4592
205688145,4604
205694384,4600
205700467,4598
205706683,4598
205712176,4607
205718338,4598
205724525,4600
205730724,4601
205742163,4602
205748433,4603
205754622,4599
205760806,4600
205767002,4599
205773218,4601
205779410,4598
205785578,4603
205791775,4597
205798002,4593
205804222,4600
205809701,4595
205814959,4598
205821183,4596
205827400,4603
205833614,4598
205839763,4600
205845951,4591
205852131,4598
205858923,4596
205865104,4599
205876801,4595
205883025,4595
205889251,4594
205895392,4601
205901577,4597
205907761,4599
205913964,4597
205920174,4598
205926336,4599
205932581,4594
205938747,4601
205943986,4600
205949413,4594
205955681,4602
205961918,4601
205968072,4600
205974213,4595
205980403,4597
205985622,4598
205991861,4601
205998092,4603
206004338,4595
206010520,4595
206016748,4602
206022983,4598
206029132,4598
206035339,4600
206041535,4596
206047682,4600
206053894,4603
206060124,4596
206066941,4602
206073123,4599
206078542,4596
206083751,4601
206089967,4603
206096157,4604
206102406,4596
206108632,4603
206114805,4602
206120284,4592
206126541,4601
206132726,4601
206138955,4601
206150415,4594
206156621,4599
206162875,4597
206169060,4598
206175241,4601
206181408,4592
206187625,4597
206193839,4605
206200081,4600
206206326,4595
206212502,4602
206217946,4598
206224183,4599
206230380,4593
206236556,4595
206242703,4599
206248881,4598
206255072,4599
206261240,4596
206267421,4601
206273613,4604
206285653,4595
206291920,4600
206298077,4605
206304284,4601
206310451,4598
206316588,4601
206322795,4597
206328968,4599
206335164,4602
206341392,4597
206347618,4596
206352351,4599
206358595,4598
206364721,4601
206370945,4597
206377131,4603
206383342,4602
206389584,4599
206395777,4597
206402021,4598
206408213,4598
206419582,4601
206425797,4593
206431974,4603
206438153,4603
206444365,4600
206450525,4598
206456716,4601
206462928,4599
206469112,4598
206475357,4599
206481530,4599
206486959,4597
206493783,4600
206499990,4603
206506129,4597
206512276,4599
206518473,4600
206531278,4598
206537508,4602
206549178,4599
206555366,4600
206561543,4598
206567640,4596
206573250,4602
206579470,4602
206585639,4599
206591844,4596
206598074,4601
206604257,4598
206610470,4600
206615672,4600
206621112,4600
206627287,4601
206633446,4595
206639619,4596
206645857,4596
206652060,4596
206658214,4596
206663411,4591
206669557,4600
206675779,4595
206687444,4597
206693691,4594
206699955,4595
206706845,4602
206713071,4598
206719274,4590
206725436,4606
206731666,4600
206737870,4598
206744048,4598
206750240,4599
206754810,4598
206760997,4598
206767198,4596
206773433,4594
206779619,4603
206785799,4599
206791975,4599
206797435,4601
206803644,4601
206809851,4600
206821302,4599
206827506,4593
206833676,4605
206839889,4603
206846058,4598
206852204,4597
206858403,4602
206864580,4598
206870778,4601
206877022,4601
206883260,4600
206888004,4595
206894223,4600
206900469,4603
206906685,4600
206912889,4601
206919715,4602
206925959,4597
206932224,4599
206938421,4603
206944666,4594
206956054,4592
206962319,4602
206968496,4603
206974685,4600
206980902,4599
206987074,4599
206993290,4597
206999526,4600
207005763,4601
207011977,4597
207018197,4596
207022959,4597
207029200,4599
207035409,4599
207041616,4602
207047828,4593
207054037,4605
207060202,4605
207066411,4599
207071639,4596
207077891,4597
207089450,4598
207095641,4602
207101864,4599
207108080,4601
207114275,4596
207120447,4599
207127244,4599
207133482,4599
207139680,4597
207145929,4593
207152102,4600
207157324,4596
207163542,4591
207169714,4596
207175929,4596
207182091,4595
207188343,4601
207194528,4603
207200770,4603
207206264,4598
207212447,4604
207223815,4605
207230011,4594
207236197,4594
207242444,4594
207248636,4600
207254781,4594
207261000,4598
207267207,4594
207273466,4596
207279654,4599
207285880,4598
207290564,4600
207296780,4602
207302970,4599
207309142,4594
207315297,4599
207321469,4597
207327674,4593
207333901,4599
207340679,4600
207346910,4598
207358339,4599
207364507,4597
207370697,4601
207376897,4596
207383032,4601
207389191,4601
207395418,4597
207401633,4601
207407838,4601
207414057,4598
207420292,4598
207425027,4604
207431284,4605
207437472,4598
207443682,4600
207449888,4595
207456024,4598
207462178,4602
207468369,4603
207474594,4595
207480792,4601
207487012,4600
207493177,4599
207499362,4598
207505489,4600
207511714,4601
207517902,4600
207524057,4599
207530277,4598
207536486,4598
207542739,4592
207549583,4599
207555749,4598
207560316,4601
207566496,4595
207572692,4595
207578889,4596
207585073,4599
207591242,4603
207597471,4593
207603640,4604
207609912,4597
207616119,4597
207621598,4598
207633078,4598
207639288,4598
207645493,4596
207651691,4598
207657877,4599
207664135,4597
207670369,4598
207676571,4601
207682754,4601
207688941,4596
207694368,4597
207699590,4596
207705770,4594
207711959,4602
207718152,4593
207724379,4599
207730577,4595
207736792,4603
207742960,4598
207749119,4600
207754603,4597
207761456,4597
207767688,4606
207780493,4604
207786708,4599
207792969,4599
207799165,4603
207805368,4600
207811578,4600
207817750,4597
207823004,4596
207828498,4601
207834719,4596
207840984,4598
207847194,4600
207853442,4594
207859676,4596
207865873,4595
207872070,4595
207878295,4598
207884446,4605
207890632,4599
207902100,4601
207908321,4596
207914480,4602
207920742,4598
207926950,4600
207933121,4596
207939353,4603
207945573,4603
207951797,4605
207957333,4597
207962551,4600
207968740,4597
207975509,4598
207981732,4598
207987967,4595
207994200,4597
208000463,4597
208006640,4601
208012824,4598
208018309,4603
208024518,4601
208035930,4596
208042134,4602
208048368,4594
208054600,4603
208060795,4598
208067039,4602
208073243,4598
208079504,4600
208085667,4600
208091901,4599
208096636,4603
208102816,4600
208109070,4603
208115299,4598
208121538,4599
208127795,4600
208133985,4597
208140172,4602
208146356,4603
208152565,4598
208158745,4599
208164989,4601
208171204,4598
208177369,4598
208183613,4597
208190444,4595
208196675,4600
208202901,4598
208209108,4597
208215304,4597
208221539,4595
208226785,4601
208232262,4601
208238507,4602
208244727,4601
208250980,4599
208257223,4601
208263454,4602
208269620,4599
208275828,4599
208282035,4597
208288240,4598
208293470,4600
208305109,4597
208311319,4597
208317506,4599
208323712,4598
208329912,4598
208336084,4597
208342283,4600
208348550,4601
208354764,4600
208360998,4602
208366242,4601
208372465,4598
208378697,4598
208384957,4600
208391145,4598
208397996,4597
208404257,4601
208410466,4601
208416714,4595
208422923,4599
208428337,4598
208439770,4598
208445988,4599
208452241,4602
208458438,4598
208464691,4597
208470901,4596
208477136,4599
208483391,4593
208489588,4597
208495011,4595
208500246,4600
208506494,4601
208512680,4596
208518899,4596
208525104,4601
208531347,4597
208537557,4601
208543783,4602
208549965,4599
208556143,4603
208561612,4601
208567814,4598
208574029,4599
208580224,4596
208586411,4601
208592590,4598
208598827,4598
208605029,4597
208611906,4597
208618137,4599
208624362,4593
208629612,4597
208635088,4596
208641271,4596
208647454,4601
208653710,4597
208659914,4598
208666132,4607
208672332,4594
208678567,4595
208684821,4594
208691038,4603
208696262,4596
208702519,4599
208714199,4602
208720355,4599
208726584,4600
208732759,4596
208738990,4599
208745221,4602
208751472,4602
208757683,4605
208763877,4599
208768443,4599
208774594,4596
208780819,4601
208787063,4601
208793281,4596
208799472,4598
208805691,4596
208811958,4598
208818124,4597
208825037,4595
208830523,4602
208836730,4599
208848202,4600
208854412,4599
208860595,4601
208866732,4594
208872964,4600
208879161,4600
208885373,4604
208891523,4601
208897644,4602
208902378,4602
208908561,4601
208914735,4598
208920932,4601
208927098,4597
208933254,4595
208939435,4594
208945626,4595
208951626,4595
208957886,4599
208964084,4602
208969640,4598
208975283,4600
208986732,4600
208992929,4600
208999117,4598
209005308,4598
209011507,4602
209017647,4602
209030452,4597
209035952,4601
209042829,4601
209049092,4599
209055314,4601
209061513,4600
209067760,4599
209074018,4608
209080216,4601
209086426,4598
209092639,4592
209097867,4601
209104071,4600
209115693,4600
209121883,4604
209128077,4596
209134265,4602
209140438,4597
209146627,4600
209152825,4602
209159045,4593
209165235,4596
209169783,4604
209176013,4598
209182172,4601
209188386,4600
209194584,4601
209200711,4602
209206909,4597
209213110,4602
209219308,4605
209225513,4604
209231727,4605
209237943,4598
209250154,4596
209256382,4601
209262575,4595
209268765,4596
209274980,4596
209281212,4601
209287437,4601
209293716,4610
209299917,4602
209304477,4601
209310677,4595
209316910,4599
209323150,4599
209329321,4596
209335520,4600
209341748,4602
209347946,4597
209354147,4600
209360377,4600
209365839,4602
209372067,4605
209378298,4600
209384461,4596
209390607,4597
209396793,4601
209403003,4596
209409179,4596
209415380,4605
209421634,4601
209427883,4597
209434122,4594
209438664,4603
209444862,4601
209451064,4599
209457257,4594
209464174,4601
209470415,4594
209476615,4597
209482841,4598
209489059,4596
209495241,4598
209500725,4598
209506971,4597
209513139,4604
209524558,4593
209530788,4595
209537051,4595
209543277,4601
209549486,4597
209555721,4596
209561939,4597
209568173,4597
209572903,4598
209579053,4600
209585300,4596
209591521,4600
209597728,4601
209603942,4603
209610125,4597
209616338,4601
209622563,4593
209628742,4603
209635011,4596
209641205,4601
209647383,4599
209658820,4598
209665050,4596
209671828,4599
209678036,4597
209684262,4607
209690509,4599
209696682,4598
209702911,4597
209707619,4601
209713842,4599
209720090,4602
209726285,4599
209732447,4600
209738622,4602
209744835,4601
209751034,4600
209757200,4605
209763368,4601
209769589,4598
209774777,4602
209781015,4601
209792553,4596
209798726,4598
209804923,4599
209811083,4597
209817319,4603
209823507,4596
209829757,4602
209835962,4594
209841182,4599
209847374,4596
209853559,4599
209859720,4596
209865856,4597
209872046,4595
209878230,4597
209885079,4595
209891261,4604
209897478,4600
209903721,4597
209909192,4598
209915384,4602
209926763,4601
209932959,4601
209939135,4597
209945325,4604
209951532,4595
209957718,4601
209963967,4601
209970219,4601
209976079,4599
209981544,4591
209987754,4597
209993968,4598
210000170,4599
210006338,4601
210012487,4595
210018736,4601
210024960,4603
210031156,4599
210037329,4595
210043523,4601
210049751,4602
210055951,4597
210062163,4600
210068383,4599
210074559,4603
210080788,4598
210087052,4602
210093938,4597
210100118,4599
210106348,4607
210111578,4598
210117114,4601
210123349,4597
210129548,4596
210135769,4605
210141971,4600
210148178,4596
210154364,4598
210160607,4601
210166838,4600
210173033,4602
210179237,4599
210184682,4595
210195989,4597
210202196,4596
210208444,4594
210214642,4600
210220863,4600
210227101,4595
210233359,4601
210239522,4603
210245013,4600
210250275,4596
210256508,4601
210262651,4604
210268856,4598
210281907,4605
210288165,4596
210294427,4594
210300652,4605
210306887,4598
210313078,4602
210319282,4602
210325516,4599
210331787,4597
210338015,4596
210344230,4598
210350450,4597
210356689,4599
210362953,4600
210369192,4597
210374751,4598
210380001,4598
210386232,4597
210392489,4604
210398663,4596
210404866,4597
210411049,4597
210417220,4605
210423446,4599
210429679,4600
210435969,4600
210442159,4601
210447639,4604
210453894,4599
210465296,4595
210471505,4595
210477722,4598
210483944,4595
210490095,4597
210496357,4601
210502573,4597
210508788,4600
210514311,4598
210520489,4598
210527285,4599
210533517,4599
210539704,4598
210545937,4600
210552077,4602
210558335,4603
210564535,4598
210570748,4598
210576963,4599
210582181,4596
210588442,4598
210600090,4600
210606307,4593
210612511,4596
210618774,4596
210625018,4604
210631190,4596
210637442,4593
210643619,4604
210648171,4605
210654365,4602
210660621,4599
210666836,4596
210673059,4602
210679265,4597
210685525,4596
210691724,4600
210697969,4599
210704213,4605
210710451,4601
210715881,4599
210722112,4602
210728322,4602
210735098,4595
210741270,4602
210747429,4595
210753597,4601
210759793,4601
210766033,4598
210772261,4591
210778477,4597
210783056,4601
210789308,4597
210795520,4599
210801666,4597
210807865,4598
210814005,4596
210820190,4601
210826402,4603
210832474,4596
210838613,4603
210844816,4599
210851048,4593
210857257,4600
210863476,4599
210875138,4598
210881375,4598
210887547,4596
210893753,4602
210899970,4594
210906142,4594
210912373,4600
210916956,4599
210923124,4603
210929341,4606
210935540,4594
210941735,4597
210948582,4601
210954782,4596
210960989,4602
210967189,4597
210973433,4601
210979654,4600
210985077,4598
210991315,4599
210997500,4599
211008858,4597
211015058,4595
211021298,4594
211027527,4597
211033780,4598
211039998,4594
211046251,4601
211051745,4598
211057997,4600
211064169,4597
211070329,4599
211076458,4602
211082635,4602
211088824,4603
211095041,4600
211101216,4602
211107499,4597
211113761,4594
211119993,4598
211126226,4600
211132452,4600
211143891,4597
211150092,4603
211156916,4593
211163130,4601
211169380,4604
211175596,4598
211181805,4595
211186529,4599
211192722,4603
211198937,4598
211205147,4605
211211366,4600
211217541,4595
211223779,4595
211230032,4602
211236244,4604
211242484,4604
211248743,4594
211255011,4594
211260209,4596
211266428,4600
211278086,4598
211284204,4599
211290416,4600
211296633,4603
211302819,4600
211309062,4603
211315322,4598
211319882,4598
211326119,4601
211332347,4597
211338580,4599
211344793,4602
211351056,4598
211357278,4599
211363536,4601
211370307,4595
211376532,4598
211382760,4600
211388946,4599
211394438,4600
211400654,4604
211412087,4597
211418280,4599
211424531,4600
211430764,4595
211437023,4600
211443251,4597
211449484,4603
211454929,4599
211461113,4601
211467254,4593
211473435,4599
211479616,4600
211485813,4599
211492045,4602
211498264,4599
211504418,4598
211510619,4600
211516808,4600
211529642,4598
211541221,4603
211547459,4599
211553649,4596
211559849,4594
211566077,4598
211572319,4603
211578568,4600
211584784,4596
211590202,4599
211596398,4597
211602632,4597
211608835,4603
211615070,4600
211621268,4599
211627396,4604
211633635,4603
211639815,4598
211646026,4602
211652231,4599
211658393,4599
211663646,4596
211669815,4600
211676028,4601
211682197,4604
211688380,4598
211694539,4596
211700752,4602
211706963,4596
211713222,4596
211718695,4604
211723963,4600
211730215,4600
211736460,4594
211742679,4600
211748887,4599
211755078,4599
211761282,4600
211767492,4596
211773685,4602
211779869,4602
211786072,4600
211792848,4597
211798367,4602
211804587,4598
211815988,4595
211822174,4600
211828355,4602
211834521,4599
211840694,4595
211846895,4600
211853114,4601
211858534,4603
211864749,4600
211870937,4595
211877168,4602
211883310,4603
211889508,4598
211895717,4595
211901949,4599
211908138,4603
211914303,4596
211920494,4600
211926730,4599
211931938,4598
211938125,4603
211944300,4601
211950510,4601
211956732,4600
211962874,4603
211969051,4599
211975207,4600
211980820,4601
211986755,4604
211992963,4599
211999173,4599
212006007,4596
212012188,4605
212018389,4597
212024560,4601
212030767,4596
212036976,4605
212043231,4599
212049480,4603
212055631,4601
212061836,4598
212067323,4602
212073519,4599
212084966,4599
212091131,4598
212097349,4605
212103499,4600
212109691,4596
212115969,4601
212122201,4601
212127690,4599
212132885,4600
212139063,4599
212145242,4598
212151460,4597
212157642,4600
212163875,4601
212170147,4603
212176381,4599
212182625,4600
212188866,4599
212195112,4598
212201363,4600
212207572,4595
212219981,4597
212226216,4602
212232430,4601
212238659,4597
212244859,4596
212251092,4603
212257308,4601
212262788,4599
212268026,4598
212274190,4599
212280434,4599
212286669,4595
212292951,4600
212299136,4599
212305363,4602
212311587,4603
212317822,4600
212324066,4596
212330316,4600
212335787,4601
212342014,4602
212353473,4601
212359728,4602
212365978,4592
212372226,4601
212378434,4599
212384638,4598
212390892,4601
212396415,4596
212401687,4594
212407887,4598
212414131,4601
212420236,4603
212427038,4602
212433254,4603
212439482,4602
212445707,4597
212451896,4595
212458177,4601
212464406,4596
212469874,4599
212476125,4601
212482277,4600
212488456,4602
212494593,4594
212500777,4595
212506991,4600
212513187,4602
212519340,4599
212525532,4598
212530769,4602
212536248,4605
212542532,4599
212548725,4602
212554920,4599
212561144,4596
212567291,4601
212573488,4601
212579684,4600
212585860,4598
212592071,4598
212598264,4603
212604516,4599
212610763,4598
212617006,4600
212628448,4603
212634604,4598
212641459,4601
212647704,4598
212653874,4599
212660053,4600
212665516,4593
212670759,4601
212676951,4600
212683137,4600
212689369,4597
212695573,4594
212701734,4601
212707935,4600
212714103,4597
212720366,4598
212726599,4602
212732857,4599
212739074,4599
212744460,4599
212750663,4597
212762107,4602
212768357,4598
212781455,4596
212787683,4598
212793925,4598
212800178,4595
212806421,4601
212812647,4597
212818835,4600
212825021,4598
212831186,4596
212837370,4596
212843587,4599
212849802,4599
212856693,4595
212862919,4597
212869177,4604
212874402,4596
212880604,4596
212892255,4596
212898370,4600
212904615,4596
212910872,4597
212917090,4597
212923243,4600
212929501,4599
212934762,4592
212940209,4592
212946371,4605
212952551,4598
212958718,4600
212964888,4592
212971104,4602
212977305,4595
212983493,4599
212989682,4599
212995861,4598
213002088,4598
213008320,4597
213014512,4596
213026022,4604
213032049,4596
213037957,4602
213044180,4598
213050395,4594
213056585,4600
213062738,4597
213068896,4602
213074331,4600
213080522,4600
213086726,4600
213092910,4597
213099130,4594
213105271,4600
213111471,4600
213117645,4598
213123853,4597
213130061,4600
213136267,4591
213142450,4598
213147707,4595
213153909,4596
213165551,4599
213171746,4596
213177961,4604
213184127,4603
213190348,4603
213196509,4598
213201719,4600
213207978,4596
213214228,4597
213220384,4598
213226592,4598
213232763,4599
213238978,4596
213245118,4603
213251286,4598
213257495,4596
213263656,4601
213269839,4601
213276559,4599
213282001,4595
213288185,4594
213299565,4599
213305786,4603
213312006,4602
213318220,4601
213324448,4600
213330600,4597
213336050,4601
213342178,4599
213348319,4601
213354444,4600
213360636,4597
213366827,4596
213373055,4594
213379239,4594
213385442,4596
213391680,4595
213397854,4595
213404088,4600
213410278,4599
213416438,4606
213422569,4598
213434039,4601
213440255,4596
213446499,4601
213452693,4599
213458889,4600
213465163,4598
213470673,4601
213476922,4599
213483166,4604
213488979,4598
213495215,4600
213501235,4601
213507410,4599
213513629,4597
213519851,4598
213526100,4600
213532338,4601
213538556,4591
213544742,4593
213550957,4600
213556430,4601
213567957,4602
213574186,4599
213580415,4596
213586638,4600
213592896,4594
213599168,4603
213605367,4599
213611612,4599
213617823,4601
213623280,4603
213629492,4602
213635713,4602
213641937,4597
213648102,4597
213654264,4599
213660475,4601
213666699,4601
213672944,4603
213679185,4600
213685420,4598
213690645,4596
213702998,4607
213709242,4602
213715436,4603
213721655,4601
213727876,4600
213734071,4599
213740311,4594
213745523,4599
213751716,4600
213757109,4601
213763300,4596
213769512,4600
213775780,4596
213782035,4605
213788267,4598
213794472,4600
213800752,4600
213806950,4601
213813174,4601
213819390,4599
213825611,4596
213836997,4598
213843244,4599
213849499,4608
213855760,4597
213862016,4599
213868255,4601
213874493,4602
213879931,4598
213886185,4598
213891382,4599
213897590,4606
213903783,4601
213909995,4598
213916866,4598
213923106,4595
213929323,4600
213935501,4593
213941690,4605
213947900,4601
213954112,4603
213959539,4599
213970866,4599
213977093,4602
213983335,4602
213989535,4596
213995723,4599
