7671784,35368,0
7675028,34392,0
7678204,34296,0
7681424,33848,0
7684548,33864,0
7687736,33784,0
7690822,33352,0
7693909,32856,0
7697024,32407,0
7700097,31991,0
7703196,32567,0
7706288,32343,0
7709405,31991,0
7712487,31591,0
7715533,31431,0
7718654,31799,0
7721808,31831,0
7725584,31735,0
7728627,31623,0
7731746,31543,0
7734807,31863,0
7737899,31799,0
7741012,31623,0
7744114,31191,0
7747205,30695,0
7750277,30999,0
7753376,31895,0
7756494,31703,0
7759548,31559,0
7762609,31431,0
7765732,31159,0
7768833,31815,0
7771931,31943,0
7775018,31559,0
7778098,31575,0
7781184,31783,0
7784291,31895,0
7787423,32071,0
7790547,32295,0
7793600,31943,0
7797400,31847,0
7800487,31911,0
7803557,32439,0
7806665,32519,0
7809819,32103,0
7812917,31655,0
7816012,31479,0
7819109,32199,0
7822181,32183,0
7825281,32263,0
7828388,32103,0
7831500,31895,0
7834555,32503,0
7837641,32679,0
7840753,32071,0
7843841,32263,0
7846919,32103,0
7850028,32103,0
7853812,32279,0
7856900,31959,0
7860027,32023,0
7863144,32055,0
7866232,31783,0
7869319,32439,0
7872442,32167,0
7875539,32247,0
7879259,32055,0
7882334,32103,0
7886166,32615,0
7889268,32487,0
7892334,32183,0
7895452,32183,0
7898539,31895,0
7901620,32071,0
7904737,32071,0
7907829,31927,0
7910940,32135,0
7914063,32199,0
7917158,32247,0
7920284,32535,0
7923368,32455,0
7926477,32311,0
7929524,31895,0
7932606,31959,0
7935678,32087,0
7938808,32231,0
7941898,31895,0
7944969,32199,0
7948068,32247,0
7951164,32263,0
7954253,32792,0
7957336,32711,0
7960446,31991,0
7963541,31783,0
7966595,31975,0
7969676,32920,0
7972822,33176,0
7975932,32487,0
7979043,32599,0
7982117,32407,0
7985231,33016,0
7988308,33064,0
7991415,32439,0
7994530,32359,0
7997567,32679,0
8000638,33256,0
8003749,32968,0
8006844,33432,0
8009911,33000,0
8013006,32503,0
8016098,33096,0
8019184,33752,0
8022274,33624,0
8025372,33224,0
8028463,33544,0
8031525,33592,0
8034570,33608,0
8037679,33528,0
8040805,33256,0
8043889,32968,0
8047000,32840,0
8050097,32727,0
8053188,32808,0
8056297,32679,0
8059398,32679,0
8062504,32407,0
8065551,31703,0
8068621,32199,0
8071785,32840,0
8074870,32503,0
8077955,32007,0
8081055,32327,0
8084138,32311,0
8087152,32647,0
8090928,32375,0
8094012,32407,0
8097099,32071,0
8100155,32247,0
8103248,32824,0
8106347,32551,0
8109462,31975,0
8112514,32119,0
8115594,32263,0
8118760,32487,0
8121866,32263,0
8124978,31975,0
8128066,31383,0
8131163,31783,0
8134253,31639,0
8137360,32295,0
8140484,33944,0
8143531,36632,0
8146589,39385,0
8149668,43066,0
8152805,46523,0
8155877,48907,0
8159591,48459,0
8162651,46763,0
8165780,45018,0
8168865,42938,0
8171941,40345,0
8175050,37305,0
8178153,35240,0
8181272,34136,0
8184369,33816,0
8187497,33416,0
8190554,33000,0
8193641,33016,0
8196762,32615,0
8199838,32039,0
8202938,32311,0
8206044,31943,0
8209131,31927,0
8212228,31527,0
8215323,31191,0
8218438,31431,0
8221546,31623,0
8224578,31079,0
8227635,31239,0
8230755,31383,0
8233828,31335,0
8236918,32087,0
8240025,31671,0
8243141,31799,0
8246226,31735,0
8249330,31607,0
8252449,31911,0
8255517,31943,0
8258616,31175,0
8261735,31095,0
8270023,31879,0
8273818,32215,0
8276900,32327,0
8280043,32167,0
8283154,31991,0
8286217,32920,0
8289323,32679,0
8292474,32103,0
8295545,32007,0
8298649,32776,0
8302406,33432,0
8305542,33672,0
8308592,33048,0
8311670,33224,0
8314790,33368,0
8318546,33736,0
8322370,33768,0
8325460,33288,0
8328512,33080,0
8331617,33464,0
8334742,34024,0
8337821,34392,0
8340928,34456,0
8344038,33992,0
8347110,34472,0
8350206,34568,0
8353261,34376,0
8356361,34456,0
8360159,34600,0
8363249,34216,0
8366354,34696,0
8369474,35288,0
8372556,35368,0
8375626,35208,0
8378737,34952,0
8381823,34600,0
8384934,35384,0
8388034,35320,0
8391133,35048,0
8394897,34376,0
8398003,33944,0
8401101,34312,0
8404206,33928,0
8407295,34184,0
8410419,33768,0
8413546,33000,0
8416586,32615,0
8419656,33160,0
8422769,32984,0
8425853,32183,0
8428955,31991,0
8432064,31927,0
8435181,31671,0
8438953,31799,0
8442699,31255,0
8445806,31431,0
8448877,31079,0
8451982,31527,0
8455111,31559,0
8458175,31815,0
8461277,31575,0
8464350,31127,0
8467467,31687,0
8470519,31895,0
8473611,31831,0
8476736,31255,0
8480520,31687,0
8483559,31751,0
8486630,32167,0
8489739,32023,0
8492811,32183,0
8495888,32087,0
8498980,31991,0
8502056,31863,0
8505143,31975,0
8508222,31847,0
8511295,31703,0
8515016,31191,0
8518116,32039,0
8521190,32199,0
8524281,31623,0
8527385,31303,0
8530528,30903,0
8533568,31799,0
8536633,32023,0
8539783,32647,0
8542873,31975,0
8545962,32055,0
8549064,31847,0
8552172,32167,0
8555253,32455,0
8558329,32391,0
8561443,32055,0
8564531,31463,0
8567574,31895,0
8570648,32503,0
8573742,32551,0
8576829,31815,0
8579922,32087,0
8583033,31975,0
8586103,32183,0
8589204,32135,0
8592268,32471,0
8596035,32215,0
8599142,32023,0
8602239,32583,0
8605332,32679,0
8608461,32551,0
8611523,32471,0
8614588,32599,0
8617647,32840,0
8620815,32984,0
8623914,32663,0
8626985,32455,0
8630086,32471,0
8633173,32327,0
8636257,32343,0
8639353,32263,0
8642489,32055,0
8645546,32359,0
8648577,31895,0
8651650,32599,0
8654775,32695,0
8657859,32407,0
8660953,31335,0
8664071,31351,0
8667182,32023,0
8670314,32375,0
8673443,32487,0
8676519,32471,0
8680340,32535,0
8683413,32167,0
8686523,33000,0
8689568,32808,0
8692619,32119,0
8695689,32055,0
8698806,31959,0
8701900,32792,0
8704972,32776,0
8708076,32872,0
8711172,32647,0
8714284,32455,0
8717386,33224,0
8720513,33336,0
8724254,33480,0
8727354,32968,0
8730491,33192,0
8733540,33224,0
8736612,34152,0
8739668,33944,0
8742816,33832,0
8745896,33688,0
8749017,33656,0
8752777,33784,0
8755884,33512,0
8758954,33384,0
8762052,33080,0
8765152,32567,0
8768236,32840,0
8771312,32808,0
8774430,33080,0
8777545,32599,0
8780581,32776,0
8783752,32503,0
8786886,33048,0
8789985,32856,0
8793090,32615,0
8796189,32375,0
8799279,32391,0
8802381,32776,0
8805482,32439,0
8808539,32535,0
8811635,32055,0
8815436,31815,0
8818522,32567,0
8821545,32824,0
8824598,32711,0
8827664,32023,0
8830807,32327,0
8833928,32071,0
8837060,32615,0
8840119,32615,0
8843225,32711,0
8846302,32247,0
8849419,32599,0
8852530,32567,0
8855581,32856,0
8858657,32920,0
8861782,33368,0
8864880,35480,0
8867965,38857,0
8871068,43210,0
8874166,46555,0
8877238,47851,0
8880322,48075,0
8883435,46651,0
8886552,45675,0
8889607,43482,0
8892678,40905,0
8895799,38409,0
8898908,36168,0
8901992,35160,0
8905099,34504,0
8908186,33912,0
8911270,33816,0
8914361,33576,0
8917497,33064,0
8920527,33144,0
8923627,32792,0
8926677,32055,0
8929815,31927,0
8933500,31927,0
8936572,32311,0
8939654,31911,0
8942781,32023,0
8945855,31127,0
8949565,31479,0
8952626,31655,0
8955754,32375,0
8958852,31751,0
8961939,31831,0
8965017,31559,0
8968111,32231,0
8971202,32215,0
8974280,32359,0
8977380,31767,0
8980507,32007,0
8983576,31959,0
8986634,32551,0
8989136,32663,0
8992219,32295,0
8995325,32503,0
8998450,32615,0
9001517,32423,0
9004573,33032,0
9007651,32824,0
9010770,32167,0
9013861,32583,0
9016955,33064,0
9020042,33416,0
9023142,33192,0
9026231,33208,0
9029314,32936,0
9032430,33032,0
9035522,33576,0
9038562,33592,0
9041666,33544,0
9044795,33688,0
9047909,33848,0
9051009,34104,0
9054806,34424,0
9057900,33816,0
9060979,34104,0
9064071,34024,0
9067148,33960,0
9070940,34504,0
9074043,34568,0
9077138,34952,0
9080223,34904,0
9083308,34744,0
9086422,35624,0
9089527,35416,0
9092563,35096,0
9095610,35000,0
9098682,35112,0
9101784,35448,0
9104863,35768,0
9107943,35144,0
9111746,34904,0
9114822,34536,0
9117927,34712,0
9121020,34792,0
9124125,34520,0
9127216,33944,0
9130308,33432,0
9133452,33736,0
9136547,33544,0
9139585,33624,0
9143332,32567,0
9146472,31959,0
9149561,32215,0
9152606,32343,0
9155760,32711,0
9158847,32071,0
9161944,31927,0
9165011,31799,0
9168074,31495,0
9171146,32263,0
9174215,31607,0
9177315,31415,0
9180400,31031,0
9184188,31383,0
9187311,32087,0
9190439,31991,0
9193562,31175,0
9196623,31095,0
9199742,31575,0
9202850,31959,0
9205941,32295,0
9209033,31831,0
9212115,31159,0
9215199,31447,0
9218311,31463,0
9221416,31463,0
9224523,31223,0
9228285,31063,0
9231386,31463,0
9234502,31463,0
9237532,32183,0
9240640,32055,0
9243787,31543,0
9246901,31847,0
9249992,32151,0
9253101,32343,0
9256196,32455,0
9259304,32599,0
9262431,32407,0
9265530,31911,0
9268606,32375,0
9271790,32199,0
9274881,32263,0
9277931,32055,0
9281031,32151,0
9284130,32167,0
9287215,32711,0
9290308,32567,0
9293375,32375,0
9296466,32135,0
9299561,32119,0
9302595,32183,0
9305654,32551,0
9308813,32599,0
9311889,32487,0
9314986,32567,0
9318072,32519,0
9321165,33240,0
9324277,32727,0
9327381,32055,0
9330494,32039,0
9333568,32535,0
9336632,33032,0
9339761,32936,0
9342854,32487,0
9345944,31879,0
9349033,31927,0
9352615,32039,0
9355748,32695,0
9358832,32663,0
9361898,32615,0
9365019,31959,0
9368100,32888,0
9371201,32888,0
9374314,32920,0
9377415,31959,0
9380518,32215,0
9383596,32567,0
9386675,32856,0
9389805,32519,0
9392915,32247,0
9396007,31991,0
9399135,32151,0
9402925,32808,0
9406053,32583,0
9409121,32119,0
9412212,32455,0
9415292,32007,0
9418364,32824,0
9422184,33176,0
9425262,32535,0
9428334,32535,0
9431444,32135,0
9434556,32904,0
9437608,33688,0
9440684,33912,0
9443835,33128,0
9446929,33064,0
9450035,32952,0
9453139,34136,0
9456243,34296,0
9459326,33640,0
9462464,32824,0
9466248,32872,0
9469311,34216,0
9472444,34472,0
9475553,34216,0
9478605,33592,0
9481744,33624,0
9484829,34440,0
9487914,34392,0
9491034,34392,0
9494116,33384,0
9497202,33416,0
9500299,32920,0
9503387,33576,0
9506513,33496,0
9514815,32519,0
9517912,32776,0
9521035,33656,0
9524150,33240,0
9527303,32792,0
9530416,32503,0
9534228,32968,0
9537350,33800,0
9540459,33176,0
9543544,33064,0
9546610,32407,0
9549664,32663,0
9552777,32727,0
9555856,33368,0
9558942,32952,0
9562037,32679,0
9565123,32663,0
9568779,32872,0
9571858,32888,0
9574941,33096,0
9578760,32695,0
9581877,32215,0
9584996,33016,0
9588095,33176,0
9591201,33048,0
9594293,34296,0
9597392,36664,0
9600505,39753,0
9603557,43258,0
9606625,46699,0
9609696,47835,0
9612841,47675,0
9615950,47291,0
9619042,46363,0
9622130,44058,0
9625207,40569,0
9628292,38089,0
9631375,35848,0
9634487,35016,0
9638254,34536,0
9641337,33496,0
9645129,33128,0
9648236,33144,0
9651287,33432,0
9654374,33064,0
9657490,32487,0
9660536,32247,0
9663592,32007,0
9666665,31495,0
9669780,32343,0
9672851,32952,0
9675939,32135,0
9679029,31847,0
9682131,31815,0
9685194,32151,0
9688283,31959,0
9691370,32103,0
9694489,31399,0
9697562,31831,0
9701333,32087,0
9704441,32439,0
9707533,32663,0
9710588,31783,0
9713646,31447,0
9716813,31639,0
9719903,32279,0
9722982,32263,0
9726105,32183,0
9729188,32263,0
9732295,33112,0
9735380,33416,0
9738510,33512,0
9741562,32840,0
9744613,32872,0
9747699,32856,0
9750836,32824,0
9753908,33656,0
9757662,33800,0
9760694,33448,0
9763807,32904,0
9766896,33592,0
9769998,33752,0
9773081,34264,0
9776165,33368,0
9779819,33464,0
9782932,33352,0
9786028,33592,0
9789113,34376,0
9792221,34360,0
9795315,34152,0
9798434,34232,0
9801559,34280,0
9804602,34392,0
9807663,34840,0
9810806,34568,0
9814601,34360,0
9817644,34520,0
9820756,35560,0
9823825,35816,0
9826916,35432,0
9830011,35208,0
9833094,35240,0
9836192,35736,0
9839268,35432,0
9842364,35208,0
9845467,34280,0
9848560,34584,0
9851617,34680,0
9854678,34584,0
9857820,34248,0
9860927,33576,0
9864035,33560,0
9867136,33624,0
9870223,33624,0
9873316,33208,0
9876446,32631,0
9879549,32311,0
9882607,32391,0
9885682,32840,0
9888808,32439,0
9891918,32311,0
9894998,31879,0
9898095,31223,0
9901853,31863,0
9904918,31927,0
9908018,32119,0
9911115,31831,0
9914197,31175,0
9917307,31735,0
9920411,31831,0
9923561,32007,0
9926577,31239,0
9929634,31191,0
9932753,31719,0
9935837,32039,0
9938910,32551,0
9942008,32487,0
9945108,32055,0
9948199,31975,0
9951293,32343,0
9954358,32487,0
9957465,32055,0
9960564,32007,0
9963617,31831,0
9966685,31639,0
9969824,32375,0
9972892,32087,0
9975985,32167,0
9979086,31831,0
9982179,31479,0
9985252,31943,0
9988946,33032,0
9992073,32551,0
9995157,32888,0
9998250,32183,0
10001350,32631,0
10005149,32583,0
10008264,31991,0
10011338,31447,0
10015122,31543,0
10018218,32471,0
10021290,32792,0
10024385,32215,0
10027496,31927,0
10030551,32135,0
10033597,31783,0
10036670,32695,0
10039807,32535,0
10042914,32359,0
10046034,31687,0
10049130,31735,0
10052199,32247,0
10055277,32391,0
10058352,32183,0
10061466,32023,0
10064537,31607,0
10067642,32551,0
10070752,32727,0
10073834,32792,0
10076927,31927,0
10080045,31895,0
10083135,32135,0
10086209,32327,0
10089294,32920,0
10092384,32567,0
10095497,31911,0
10098575,32183,0
10101639,32215,0
10104720,32663,0
10107811,32599,0
10110911,32199,0
10114031,31543,0
10117128,31703,0
10120224,32151,0
10123335,32776,0
10127128,32439,0
10130213,32007,0
10133303,32295,0
10136388,32904,0
10140193,32808,0
10143268,32407,0
10146356,32295,0
10149460,32567,0
10152575,33160,0
10155610,33656,0
10158697,33336,0
10161818,32888,0
10164924,32167,0
10168038,32647,0
10171134,33320,0
10174229,33128,0
10177321,33064,0
10180461,32968,0
10183578,33528,0
10186623,34120,0
10189685,33800,0
10192803,33544,0
10195894,32679,0
10199537,33208,0
10202630,33528,0
10205687,33400,0
10208844,33000,0
10211909,32776,0
10214987,32711,0
10218064,32615,0
10221160,33336,0
10224238,32920,0
10227307,32407,0
10230391,31767,0
10233511,31959,0
10236550,32471,0
10239662,32792,0
10242811,32535,0
10245916,32119,0
10249024,32199,0
10252114,32359,0
10255200,32840,0
10258290,32327,0
10261381,32023,0
10264516,32135,0
10267557,32327,0
10270615,32439,0
10273706,32567,0
10276834,31767,0
10279911,31975,0
10283014,32183,0
10286131,32792,0
10289224,32727,0
10292314,32615,0
10295399,32087,0
10299237,32407,0
10302309,34184,0
10305415,36360,0
10308535,39737,0
10311591,42362,0
10314681,45787,0
10317820,47595,0
10320907,49196,0
10324000,48155,0
10327077,45963,0
10330183,42474,0
10333283,40153,0
10336378,37865,0
10339484,36008,0
10342560,34312,0
10345653,33112,0
10348766,33064,0
10351863,33480,0
10355615,33672,0
10358644,33016,0
10361768,32087,0
10365502,31831,0
10368579,31527,0
10371642,31847,0
10374776,31303,0
10377854,31479,0
10380949,31479,0
10384053,31255,0
10387143,31847,0
10390238,31671,0
10393323,31527,0
10396442,31111,0
10399565,31447,0
10402604,31543,0
10405689,32071,0
10409429,31223,0
10412578,31335,0
10415604,31591,0
10418656,31687,0
10421766,32087,0
10424845,32007,0
10427929,31975,0
10431012,31879,0
10434108,31911,0
10437188,32904,0
10440302,32952,0
10443401,32071,0
10446507,32199,0
10449547,32023,0
10452679,32968,0
10455830,32551,0
10458902,32711,0
10461989,32343,0
10465071,32087,0
10468175,32375,0
10471270,33448,0
10474369,33384,0
10477488,33192,0
10481262,33032,0
10484347,33208,0
10487454,33960,0
10490558,33608,0
10493599,33352,0
10496719,33640,0
10499795,33256,0
10502882,34088,0
10505996,34520,0
10509105,34152,0
10512197,33848,0
10515275,34104,0
10518385,34696,0
10521484,35032,0
10524575,34920,0
10527627,34888,0
10530693,34728,0
10533829,34632,0
10536929,35624,0
10540058,35416,0
10543143,34952,0
10546226,34648,0
10549269,34904,0
10552346,35032,0
10555474,35320,0
10558566,34744,0
10561589,34104,0
10564659,33368,0
10567768,33576,0
10570853,33512,0
10573957,33800,0
10577064,33160,0
10580169,32407,0
10583280,32792,0
10586375,32583,0
10589515,32952,0
10592549,32087,0
10595641,31415,0
10598711,31655,0
10602493,31815,0
10605550,31751,0
10608614,31639,0
10611667,31479,0
10614767,31223,0
10618399,31767,0
10621536,32087,0
10624588,31703,0
10627635,31527,0
10630679,31447,0
10633800,31447,0
10636890,31399,0
10639993,31367,0
10643086,31287,0
10646167,31143,0
10649268,30919,0
10652363,31431,0
10655479,32199,0
10658566,31991,0
10661608,31383,0
10664728,31735,0
10667888,31799,0
10670997,32151,0
10674089,31767,0
10677170,31543,0
10680267,31367,0
10683362,31623,0
10686486,31671,0
10689567,31975,0
10692608,31367,0
10695667,31479,0
10698764,31815,0
10701848,31927,0
10704941,32776,0
10708035,32279,0
10711110,31831,0
10714208,31671,0
10717987,31943,0
10721097,32327,0
10724200,32151,0
10727302,32135,0
10730417,31511,0
10733542,32199,0
10736576,32087,0
10739680,31975,0
10742783,31239,0
10745856,31527,0
10748943,31463,0
10757179,32535,0
10760309,32071,0
10763396,31975,0
10766531,31975,0
10769608,32567,0
10772689,32599,0
10775833,32359,0
10779592,31543,0
10782682,31895,0
10785799,32279,0
10788918,32567,0
10792010,32279,0
10795101,31495,0
10798181,31847,0
10801288,31895,0
10804393,32439,0
10807512,32183,0
10810563,32247,0
10813639,31927,0
10816760,31975,0
10819838,32183,0
10822929,32343,0
10826012,31959,0
10829127,31735,0
10832791,31639,0
10836594,32599,0
10839647,32872,0
10842791,32583,0
10845893,32471,0
10848998,32071,0
10852088,32840,0
10855855,32984,0
10858948,32695,0
10862044,32183,0
10865126,31927,0
10868225,32567,0
10871318,33304,0
10874428,33144,0
10877545,33128,0
10880559,32727,0
10883622,32968,0
10886683,33608,0
10889792,33416,0
10892859,33096,0
10895955,32519,0
10899054,32808,0
10902127,33176,0
10905199,33656,0
10908263,33912,0
10911362,33688,0
10914481,33528,0
10917546,34008,0
10920626,34344,0
10923717,34424,0
10926853,33704,0
10929947,33000,0
10933029,33368,0
10936105,33720,0
10939204,33480,0
10942307,33176,0
10945408,32824,0
10948559,33240,0
10951607,33368,0
10954685,33000,0
10957817,32631,0
10960901,32551,0
10964003,32135,0
10967117,32231,0
10970217,32407,0
10973975,33176,0
10977071,32808,0
10980155,32840,0
10983272,32631,0
10986354,32711,0
10989475,32679,0
10992588,32776,0
10995646,32567,0
10998766,32487,0
11001853,32215,0
11004931,33032,0
11008037,32695,0
11011139,32183,0
11014869,32087,0
11017947,32327,0
11021042,32567,0
11024145,32135,0
11027224,31655,0
11030320,31943,0
11033405,32375,0
11036522,33768,0
11039570,35608,0
11043304,38697,0
11046440,41658,0
11049573,45275,0
11052630,48347,0
11055692,50348,0
11058829,48907,0
11061924,47307,0
11065009,44282,0
11068121,41402,0
11071205,38777,0
11075003,35256,0
11078094,33960,0
11081164,33064,0
11084248,33816,0
11087332,34360,0
11090466,34008,0
11093567,32952,0
11096659,32808,0
11099826,32295,0
11102905,32279,0
11106011,32487,0
11109131,31575,0
11112232,31623,0
11115342,31351,0
11118450,31655,0
11121590,31479,0
11124643,31239,0
11127714,31623,0
11130827,31575,0
11133920,31991,0
11137029,31847,0
11140129,32247,0
11143234,31959,0
11146326,31911,0
11149409,32055,0
11152545,32327,0
11155597,32679,0
11158670,32343,0
11161787,32007,0
11164861,32039,0
11167937,31911,0
11171021,32375,0
11174098,32487,0
11177221,32503,0
11180335,32039,0
11183448,32423,0
11186586,33000,0
11189654,32711,0
11192774,32535,0
11195877,32711,0
11199616,32487,0
11202684,33336,0
11205802,33416,0
11208881,33080,0
11211977,32920,0
11215708,32583,0
11218812,33128,0
11221918,34008,0
11224990,33976,0
11228099,33368,0
11231184,33416,0
11234269,34312,0
11237368,34856,0
11240473,34552,0
11243586,34248,0
11246629,34344,0
11249710,34392,0
11253415,35096,0
11256571,35416,0
11259622,35240,0
11262776,34488,0
11265840,34376,0
11268938,35064,0
11272017,35832,0
11275124,35144,0
11278215,35128,0
11281302,35160,0
11284402,35272,0
11287528,35544,0
11290569,35208,0
11293631,34840,0
11296689,34088,0
11299831,33944,0
11302903,34280,0
11305990,34040,0
11309117,33528,0
11312208,32792,0
11315302,32776,0
11318393,33320,0
11321516,33544,0
11324564,32952,0
11327642,32279,0
11330774,32071,0
11333881,31783,0
11336977,31959,0
11340097,32327,0
11343188,31767,0
11346260,31623,0
11349341,31575,0
11352448,32183,0
11355574,31991,0
11358607,32087,0
11361658,31591,0
11364718,31511,0
11367846,31543,0
11370920,32087,0
11374058,32199,0
11377835,31479,0
11380939,31847,0
11384037,32263,0
11387144,32856,0
11390239,32519,0
11393323,31959,0
11396410,32071,0
11399516,32279,0
11402588,32151,0
11405658,32711,0
11408787,32407,0
11411858,32279,0
11414964,31815,0
11418076,32599,0
11421132,33064,0
11424226,32695,0
11427300,32599,0
11430369,31943,0
11434168,32391,0
11437253,33240,0
11440346,33000,0
11443479,32888,0
11446588,32359,0
11449622,32711,0
11452691,32904,0
11455798,33112,0
11458883,33080,0
11462546,32279,0
11465600,32407,0
11468677,33048,0
11471806,33016,0
11474896,32776,0
11477979,32695,0
11481069,32231,0
11484154,32583,0
11487201,33400,0
11490275,33064,0
11493375,33080,0
11496489,32503,0
11499560,32167,0
11502582,32327,0
11505690,33224,0
11508800,33064,0
11511889,32519,0
11514970,32599,0
11518077,32824,0
11521171,33544,0
11524280,33448,0
11527380,33128,0
11530506,32647,0
11533556,32936,0
11536675,33224,0
11539845,33240,0
11542917,32679,0
11545981,32535,0
11549067,32391,0
11552136,32711,0
11555234,33416,0
11558336,32519,0
11561436,32647,0
11564540,32183,0
11567611,32711,0
11571409,33192,0
11574500,33192,0
11577585,32647,0
11580640,32824,0
11583712,33096,0
11586841,33304,0
11589936,33672,0
11593042,33288,0
11596131,32615,0
11599232,32792,0
11602328,32968,0
11605422,33576,0
11608532,33256,0
11611573,33032,0
11615339,32920,0
11618459,33352,0
11621590,33320,0
11624640,33192,0
11627690,32856,0
11630807,32583,0
11633903,33160,0
11637010,33864,0
11640115,34008,0
11643219,33768,0
11646316,32968,0
11649418,33208,0
11652529,33768,0
11655584,34072,0
11658656,33400,0
11661740,33432,0
11664860,33384,0
11667935,33464,0
11671646,34104,0
11674796,34024,0
11677883,34200,0
11680958,33928,0
11684033,34040,0
11687811,34376,0
11690912,34344,0
11694030,33944,0
11697133,33880,0
11700180,33896,0
11703273,33848,0
11706379,34168,0
11709501,33528,0
11712569,33080,0
11715672,33112,0
11718800,33768,0
11721903,33544,0
11724986,33064,0
11728083,32984,0
11731191,32840,0
11734284,32727,0
11737366,32984,0
11740477,33528,0
11743589,33016,0
11746637,32487,0
11749717,32295,0
11752851,32615,0
11755943,33176,0
11759010,32503,0
11762094,32599,0
11765192,32663,0
11768274,32824,0
11771380,32888,0
11774508,32984,0
11777587,32327,0
11780656,32007,0
11783772,32007,0
11786870,32167,0
11789987,32311,0
11793094,32167,0
11796925,32167,0
11800014,33704,0
11803127,36648,0
11806207,39561,0
11809308,43562,0
11812386,46683,0
11816187,49147,0
11819263,49356,0
11822342,48379,0
11825443,46187,0
11828542,43594,0
11831564,40249,0
11834644,38361,0
11837744,36536,0
11840855,35080,0
11843955,33864,0
11847050,33320,0
11850150,33400,0
11853220,34072,0
11856311,33240,0
11859393,32824,0
11862524,31975,0
11865584,31831,0
11868655,31815,0
11871776,32407,0
11874869,31799,0
11877965,31495,0
11881569,31207,0
11884649,31703,0
11887775,31895,0
11890857,31671,0
11893933,31351,0
11897009,30919,0
11900138,31063,0
11903230,32023,0
11906310,32215,0
11909395,31767,0
11912528,31143,0
11915604,31175,0
11918720,31239,0
11921868,31911,0
11925579,31671,0
11928658,31031,0
11931705,31671,0
11934833,32231,0
11937941,32808,0
11941028,32215,0
11944144,32119,0
11947231,32183,0
11950314,32151,0
11953399,32327,0
11956505,32840,0
11959597,32407,0
11962638,32071,0
11965704,32103,0
11968857,33224,0
11971981,33544,0
11975793,33224,0
11978875,32856,0
11981952,32567,0
11985070,33240,0
11988150,34056,0
11991254,33848,0
11994355,33656,0
12002678,34392,0
12005723,34840,0
12008867,34168,0
12011976,34488,0
12015122,34616,0
12018214,34632,0
12021347,35208,0
12024478,35080,0
12027594,34520,0
12031360,34872,0
12034454,35304,0
12037576,35400,0
12040630,35336,0
12043697,35672,0
12047506,35256,0
12050568,35256,0
12053681,35080,0
12056829,35320,0
12059919,34568,0
12063006,33960,0
12066110,34056,0
12069196,33800,0
12072271,34104,0
12075351,33672,0
12078479,32952,0
12081569,32904,0
12084635,33128,0
12087711,33112,0
12090850,32840,0
12093927,31671,0
12097562,31671,0
12100653,31495,0
12103726,31639,0
12106842,32055,0
12109927,31463,0
12113043,31015,0
12116171,31095,0
12119242,31495,0
12122330,31815,0
12125406,31335,0
12128527,31175,0
12131572,31047,0
12134686,31927,0
12137827,32439,0
12140915,32311,0
12144004,31623,0
12147099,31639,0
12150177,31927,0
12153247,32215,0
12156365,32487,0
12160168,31831,0
12163267,31351,0
12166362,31847,0
12169477,31911,0
12173281,32183,0
12176385,31975,0
12179492,32151,0
12182576,32359,0
12185622,32135,0
12188677,32872,0
12191808,32279,0
12194899,32327,0
12197999,31799,0
12201121,32279,0
12204210,32824,0
12207279,32471,0
12210382,31591,0
12213511,31687,0
12216572,32039,0
12219637,32599,0
12222709,32423,0
12225818,32663,0
12228917,31879,0
12232014,32279,0
12235077,32375,0
12238181,33064,0
12241280,32487,0
12244357,32215,0
12247471,31783,0
12250606,31975,0
12253673,32808,0
12256792,32679,0
12259871,31959,0
12262949,32039,0
12266019,31959,0
12269140,32567,0
12272245,32375,0
12275324,32599,0
12278418,31831,0
12281514,32215,0
12284589,32535,0
12287698,32711,0
12290806,32968,0
12293862,32583,0
12296933,32231,0
12300018,32327,0
12303174,32263,0
12306855,32856,0
12309978,32039,0
12313078,32103,0
12316166,31575,0
12319228,32087,0
12322329,32199,0
12325423,32151,0
12328555,31831,0
12331596,31351,0
12335398,31767,0
12338512,32471,0
12341566,32231,0
12344624,31543,0
12347668,31559,0
12350781,31719,0
12353865,32199,0
12356957,32343,0
12360038,32679,0
12363125,32535,0
12366196,32167,0
12369279,32727,0
12372381,33016,0
12375496,32824,0
12378584,32936,0
12381607,32984,0
12384682,32984,0
12387779,33816,0
12391555,33704,0
12394617,33416,0
12397652,33128,0
12400727,33224,0
12403853,33512,0
12406932,33416,0
12410702,33320,0
12413797,33560,0
12416885,33656,0
12419965,34392,0
12423073,33992,0
12426160,33928,0
12429261,33448,0
12432349,33288,0
12435455,33496,0
12438562,33512,0
12441630,33240,0
12444723,32920,0
12447834,32151,0
12450948,32487,0
12454031,33352,0
12457133,33032,0
12460229,32599,0
12463302,32071,0
12466390,32423,0
12469509,32519,0
12472570,33192,0
12475631,32856,0
12478689,32695,0
12481837,32647,0
12484925,32695,0
12488007,32792,0
12491110,32936,0
12494218,32647,0
12497304,31943,0
12500375,31735,0
12503489,32359,0
12506582,32423,0
12509663,31815,0
12512792,31303,0
12516449,32071,0
12520277,32824,0
12523363,33064,0
12526480,32071,0
12529574,31735,0
12532647,32071,0
12535724,32535,0
12538853,34296,0
12541932,35976,0
12545005,38937,0
12548112,42218,0
12551203,46043,0
12554293,47947,0
12557363,48491,0
12560472,47739,0
12563599,45018,0
12566617,42602,0
12570423,39801,0
12573506,37289,0
12576602,35288,0
12579655,33992,0
12582787,33448,0
12585875,33576,0
12588995,33480,0
12592091,32824,0
12595183,32840,0
12598277,32455,0
12601347,32071,0
12604430,32263,0
12607576,31959,0
12610625,31687,0
12613705,31399,0
12616815,31127,0
12619908,32055,0
12622998,32231,0
12626099,31943,0
12629184,31223,0
12632301,31367,0
12635372,31975,0
12638479,32103,0
12641580,31735,0
12644639,32055,0
12647716,31847,0
12650848,31879,0
12654602,32151,0
12657632,32503,0
12660705,32215,0
12663826,31719,0
12666915,31671,0
12670019,32423,0
12673115,32776,0
12676220,32567,0
12679299,31799,0
12682377,32423,0
12685479,32615,0
12688594,33320,0
12691635,32808,0
12694691,32808,0
12697830,32824,0
12700912,33048,0
12703981,33352,0
12707090,33352,0
12710180,33096,0
12713263,33208,0
12716344,33336,0
12719436,33880,0
12722570,34152,0
12726280,33624,0
12729400,33496,0
12732510,33992,0
12735579,34472,0
12738670,34104,0
12741716,34376,0
12744853,34072,0
12747930,33880,0
12751678,34520,0
12754705,35720,0
12758522,35480,0
12761592,34792,0
12764609,34488,0
12767648,35112,0
12770720,35464,0
12774545,35480,0
12777604,35160,0
12780661,35240,0
12783738,35160,0
12786877,35432,0
12789973,35448,0
12793097,35320,0
12796195,34408,0
12799297,33624,0
12802374,33544,0
12805499,34104,0
12808604,33544,0
12811641,33144,0
12814735,32663,0
12817871,33208,0
12820938,33496,0
12824011,33368,0
12827103,32167,0
12830198,31943,0
12833290,31463,0
12836393,31943,0
12839506,32311,0
12842598,32119,0
12845638,31991,0
12848703,31527,0
12851842,32039,0
12854929,32375,0
12858020,31847,0
12861107,31495,0
12864208,30919,0
12867300,31815,0
12870386,32503,0
12874220,32215,0
12877988,31495,0
12881097,31463,0
12884174,31879,0
12887252,32247,0
12890337,31735,0
12893438,31735,0
12896553,31767,0
12899592,31687,0
12902647,32151,0
12905719,32055,0
12908845,32023,0
12911942,32151,0
12915038,32151,0
12918154,31895,0
12921250,32663,0
12924356,32551,0
12927465,31927,0
12930581,31655,0
12933620,32183,0
12937348,32679,0
12940452,32551,0
12943557,31751,0
12946595,32151,0
12949663,32087,0
12952825,32792,0
12955908,32920,0
12958981,32535,0
12962084,32279,0
12965189,31895,0
12968252,32535,0
12971330,32727,0
12974400,32471,0
12977521,31783,0
12980593,32167,0
12983685,32487,0
12987465,32615,0
12990579,32952,0
12994410,32231,0
12997537,32055,0
13000610,32327,0
13003655,32615,0
13006805,32567,0
13009881,32135,0
13012975,32071,0
13016085,32503,0
13019184,32776,0
13022268,32439,0
13025364,32295,0
13028500,32071,0
13031594,31959,0
13034634,32792,0
13037691,33624,0
13040814,32808,0
13043890,32679,0
13046981,32071,0
13050110,31607,0
13053212,32039,0
13056302,32535,0
13059375,32327,0
13062502,32279,0
13065585,32471,0
13068661,33064,0
13071820,33208,0
13074896,32327,0
13077995,31927,0
13081084,32263,0
13084165,33064,0
13087241,33432,0
13090321,33336,0
13093410,32968,0
13096524,32808,0
13099605,32615,0
13102663,33096,0
13105739,33496,0
13108891,33016,0
13111987,33448,0
13115074,33192,0
13118169,33752,0
13121259,33768,0
13124356,33576,0
13127450,32711,0
13130562,32487,0
13133602,33352,0
13137386,33768,0
13140444,34104,0
13143553,34088,0
13147305,34296,0
13150415,33992,0
13153527,34424,0
13156615,34152,0
13159683,33464,0
13162735,32663,0
13165843,32343,0
13168936,32583,0
13172038,33064,0
13175804,33272,0
13178870,32968,0
13181954,32824,0
13185042,32471,0
13188161,33240,0
13191298,32936,0
13194411,32471,0
13197533,32279,0
13200619,32407,0
13203665,32824,0
13206794,32872,0
13209878,32231,0
13212961,31911,0
13216055,32247,0
13219163,32423,0
13222253,32743,0
13225327,32952,0
13228396,32487,0
13232205,32071,0
13235298,32423,0
13238393,32679,0
13246627,32071,0
13249699,32407,0
13252813,32808,0
13256610,33032,0
13259698,32327,0
13262854,32711,0
13265944,34328,0
13269045,37417,0
13272131,41114,0
13275222,43850,0
13278316,46763,0
13281413,48251,0
13284536,48731,0
13287581,47883,0
13290682,46299,0
13293745,42490,0
13296895,39513,0
13299987,36840,0
13303087,35016,0
13306166,34376,0
13309263,33224,0
13312382,33000,0
13315508,32968,0
13318584,33256,0
13321623,33400,0
13324696,32936,0
13327817,31623,0
13330919,31063,0
13334021,31623,0
13337123,31671,0
13340221,31655,0
13343324,31047,0
13347114,30967,0
13350200,31623,0
13353284,31767,0
13356349,32183,0
13359446,31783,0
13363194,31287,0
13366321,31447,0
13369416,31751,0
13373199,32183,0
13376275,32391,0
13379345,31607,0
13382451,32135,0
13385565,31975,0
13388613,32247,0
13391721,31575,0
13394858,31639,0
13397948,32023,0
13401036,32439,0
13404152,32567,0
13407261,33048,0
13410350,32247,0
13413444,32071,0
13416552,32455,0
13419603,33128,0
13422713,32519,0
13425829,32615,0
13428934,32247,0
13432024,32151,0
13435148,33064,0
13438224,33688,0
13441331,33672,0
13444410,32904,0
13447541,33144,0
13450609,33240,0
13453678,34072,0
13456800,34216,0
13459908,33752,0
13463012,33192,0
13466805,33560,0
13469909,34376,0
13473016,34536,0
13476139,33992,0
13479231,33864,0
13482294,33992,0
13485372,34184,0
13488477,35144,0
13491596,35000,0
13494648,34664,0
13497710,34728,0
13500822,34984,0
13503912,34968,0
13506982,35448,0
13510102,34568,0
13513206,34568,0
13516313,34120,0
13519409,34792,0
13522544,34632,0
13525592,33768,0
13528666,33016,0
13532448,33208,0
13535514,33448,0
13538614,33208,0
13541674,33016,0
13544822,32055,0
13547902,32295,0
13550975,32519,0
13554067,32391,0
13557170,31943,0
13560246,31783,0
13563359,31447,0
13566438,31479,0
13569561,31671,0
13573270,32327,0
13576374,31255,0
13579516,31175,0
13582603,30855,0
13585657,31719,0
13588719,31799,0
13591831,31463,0
13594937,31159,0
13598032,31207,0
13601140,31575,0
13604238,32311,0
13607360,31895,0
13611122,31287,0
13614179,31527,0
13617250,31591,0
13620358,32023,0
13623448,31815,0
13626559,31527,0
13629584,30871,0
13632672,30599,0
13635748,31431,0
13638874,32087,0
13641968,31879,0
13645038,31511,0
13648151,31495,0
13651228,32039,0
13654312,32087,0
13657433,31895,0
13660543,31815,0
13663589,31975,0
13666625,32295,0
13669698,32487,0
13672847,32984,0
13675917,31911,0
13678996,31431,0
13682098,31447,0
13685170,31975,0
13688261,33048,0
13691346,32727,0
13694415,32824,0
13697510,32407,0
13700620,32007,0
13704423,31991,0
13707520,31959,0
13710611,31575,0
13713667,31655,0
13716797,32567,0
13719895,33256,0
13722995,33272,0
13726081,32727,0
13729153,31751,0
13732214,31831,0
13735313,32824,0
13738393,32423,0
13741528,32135,0
13744601,32007,0
13747624,31463,0
13750698,32199,0
13753802,32471,0
13756917,32039,0
13759999,31607,0
13763095,32007,0
13766199,32199,0
13769275,32583,0
13772381,33144,0
13775494,32455,0
13778618,31943,0
13782340,31767,0
13785450,32984,0
13788562,33096,0
13791618,32439,0
13794680,32263,0
13797768,32343,0
13800902,32840,0
13803991,33224,0
13807118,33128,0
13810205,32423,0
13813310,32247,0
13816403,32231,0
13819513,33064,0
13822603,33448,0
13825635,32808,0
13829398,33000,0
13832484,33016,0
13835598,33608,0
13838628,33464,0
13841743,33192,0
13844882,33304,0
13847976,32936,0
13851106,33944,0
13854205,33800,0
13857298,34040,0
13860411,33048,0
13863519,32984,0
13866593,33112,0
13869663,33416,0
13872808,33512,0
13875888,32727,0
13878977,32711,0
13882059,32343,0
13885171,32840,0
13888270,32679,0
13891320,32183,0
13894401,32023,0
13897540,31751,0
13900601,32007,0
13903666,32439,0
13906817,32824,0
13909898,32007,0
13912997,32071,0
13916101,32407,0
13919200,32375,0
13922299,32808,0
13925434,31927,0
13928540,32183,0
13931591,31927,0
13934661,32231,0
13937769,32423,0
13940900,32792,0
13944642,32359,0
13947719,31911,0
13950805,32263,0
13953880,32679,0
13956972,32039,0
13960061,32087,0
13963164,32071,0
13966237,34472,0
13969337,37273,0
13973092,42026,0
13976186,44970,0
13979281,47451,0
13983039,49628,0
13986124,49580,0
13989246,48139,0
13992908,43690,0
13996039,40409,0
13999129,37321,0
14002228,35368,0
14005332,34232,0
14008403,33832,0
14011511,33256,0
14014606,32776,0
14017666,32968,0
14020728,33624,0
14023888,32984,0
14026954,32375,0
14030028,31623,0
14033126,31111,0
14036198,32151,0
14039280,31879,0
14042373,31447,0
14045512,31415,0
14048597,31383,0
14051659,31735,0
14054716,31895,0
14057882,31991,0
14060954,31687,0
14064046,31303,0
14067147,31527,0
14070244,32455,0
14073369,32519,0
14076502,31975,0
14079606,31575,0
14082679,31751,0
14085706,32039,0
14088811,32343,0
14091900,32471,0
14094984,32583,0
14098733,32583,0
14101879,32631,0
14104967,32952,0
14108061,32647,0
14111158,32407,0
14114241,32455,0
14117314,32343,0
14120391,33272,0
14123507,33544,0
14126607,32743,0
14129659,32327,0
14132736,32936,0
14135860,33464,0
14138940,33672,0
14142022,33048,0
14145116,33272,0
14148199,32968,0
14151276,33336,0
14154369,33560,0
14157522,33816,0
14160610,33560,0
14163656,33480,0
14166830,34072,0
14169911,34184,0
14173001,35016,0
14176097,34392,0
14179196,34440,0
14182304,33832,0
14185407,34232,0
14188528,34680,0
14191604,34920,0
14194644,34360,0
14197714,34840,0
14201423,35480,0
14204582,35944,0
14207605,35800,0
14211381,35064,0
14214491,35112,0
14217607,35224,0
14220647,35304,0
14223712,34680,0
14226836,34056,0
14229926,33080,0
14232985,33096,0
14236100,33688,0
14239200,33352,0
14242280,33000,0
14245371,32776,0
14248496,32695,0
14251604,32888,0
14255378,32631,0
14258500,32135,0
14261627,31351,0
14264672,31255,0
14267732,31943,0
14270875,32231,0
14273968,31543,0
14277064,31399,0
14280174,31287,0
14283252,31303,0
14286356,31559,0
14289427,32263,0
14292535,31911,0
14295628,31591,0
14298661,31591,0
14302472,31703,0
14305582,32055,0
14308632,31543,0
14311696,31543,0
14314807,31543,0
14317883,31975,0
14320976,32279,0
14324064,32135,0
14327164,31559,0
14330958,31671,0
14334037,32119,0
14337148,32151,0
14340250,32279,0
14344028,31671,0
14347113,31671,0
14350195,31799,0
14353283,31943,0
14356365,32247,0
14359454,31831,0
14362580,31399,0
14365606,31783,0
14368663,32535,0
14371820,32631,0
14374903,31479,0
14377998,31575,0
14381101,31319,0
14384175,31783,0
14387266,32727,0
14390342,32711,0
14393446,32039,0
14396567,32359,0
14399596,32455,0
14402666,32343,0
14405729,32888,0
14408849,32071,0
14412572,32247,0
14415643,32439,0
14418722,32711,0
14421830,33000,0
14424907,32840,0
14428022,32135,0
14431099,32327,0
14434200,32119,0
14437292,32952,0
14440380,32904,0
14443518,32519,0
14447300,31911,0
14450419,31703,0
14453547,32487,0
14456613,32087,0
14459706,32039,0
14462820,31559,0
14465925,32055,0
14469006,32776,0
14472110,33048,0
14475176,32808,0
14478258,32151,0
14481324,31655,0
14489605,32519,0
14492665,32888,0
14495741,32359,0
14498893,32343,0
14502044,32792,0
14505169,33112,0
14508276,32695,0
14511395,32631,0
14514506,32343,0
14517629,33176,0
14520663,33576,0
14523827,33512,0
14526922,32535,0
14530008,33048,0
14533138,32936,0
14536218,33160,0
14539998,33640,0
14543109,33240,0
14546905,33336,0
14550027,33352,0
14553132,34552,0
14556212,34248,0
14559316,34440,0
14562399,33656,0
14565520,33800,0
14568604,34184,0
14571656,34136,0
14574759,33480,0
14578583,32535,0
14581640,32503,0
14584731,33224,0
14587844,33288,0
14590928,33128,0
14594012,33064,0
14597138,32295,0
14600224,32567,0
14603311,32503,0
14606405,33176,0
14610216,32792,0
14613297,32343,0
14616386,32311,0
14619502,32599,0
14622621,32840,0
14625649,32263,0
14629364,32151,0
14632462,32199,0
14635591,32711,0
14638624,33160,0
14641709,32439,0
14644827,32439,0
14647934,32263,0
14651020,32103,0
14654108,32423,0
14657198,32792,0
14660286,32295,0
14663352,31415,0
14666495,31335,0
14669608,32439,0
14672660,33352,0
14675820,34472,0
14678894,36648,0
14681976,40361,0
14685096,44378,0
14688191,47915,0
14691288,50012,0
14694381,49484,0
14697483,49019,0
14700591,47115,0
14703620,44378,0
14706719,41114,0
14709846,38153,0
14712925,35176,0
14716018,33816,0
14719140,34216,0
14722243,34120,0
14725314,34120,0
14728402,33352,0
14731503,32840,0
14734623,32279,0
14737668,32567,0
14740742,32167,0
14743901,31623,0
14746947,31543,0
14750104,31623,0
14753196,31431,0
14756277,31623,0
14759347,31015,0
14762418,30935,0
14765532,30951,0
14768615,31799,0
14771650,32087,0
14775478,31319,0
14778571,30807,0
14781641,31319,0
14784697,31463,0
14787832,32407,0
14790939,32327,0
14794010,31719,0
14797111,31751,0
14800189,31319,0
14803980,32199,0
14807111,31799,0
14810199,31559,0
14813294,31927,0
14816388,32183,0
14819504,32311,0
14822634,32119,0
14825678,32455,0
14828747,32263,0
14831847,32087,0
14834927,33160,0
14838604,33528,0
14841735,33240,0
14844862,32327,0
14848625,32247,0
14851681,33064,0
14854766,33464,0
14857879,33656,0
14860976,33480,0
14864077,33496,0
14867183,33496,0
14870261,34248,0
14873400,34024,0
14876531,33736,0
14879618,33944,0
14882659,33768,0
14885764,34264,0
14888882,34856,0
14892003,34600,0
14895085,34376,0
14898171,34040,0
14901270,34296,0
14904344,35352,0
14908111,35272,0
14911211,34696,0
14914282,34376,0
14917376,34584,0
14920518,35352,0
14923638,35416,0
14926705,34392,0
14929815,34328,0
14932910,34232,0
14936024,34360,0
14939133,34504,0
14942234,33448,0
14945297,33096,0
14948368,32423,0
14951446,32615,0
14954578,33256,0
14957616,32952,0
14960727,32407,0
14963835,31911,0
14966920,31751,0
14970005,32503,0
14973114,32215,0
14976196,31559,0
14979303,30951,0
14982402,31575,0
14985508,32007,0
14988627,32535,0
14991675,31815,0
14994815,31607,0
14997911,31383,0
15001010,31719,0
15004115,32007,0
15007215,31815,0
15010293,31479,0
15013385,31047,0
15016485,31943,0
15019605,32135,0
15022648,32535,0
15025704,32167,0
15028830,31335,0
15031920,31559,0
15035002,31943,0
15038105,31863,0
15041196,32151,0
15044291,31767,0
15048024,31783,0
15051150,32231,0
15054266,32247,0
15057359,32007,0
15060456,32071,0
15064270,31815,0
15067367,32279,0
15070451,32199,0
15073586,32375,0
15076615,32471,0
15079665,31767,0
15082738,32295,0
15085880,32567,0
15088967,33048,0
15092064,32151,0
15095131,32119,0
15098214,31639,0
15101291,32391,0
15104400,32567,0
15107533,32679,0
15110634,32007,0
15113671,32327,0
15116725,32071,0
15119851,32423,0
15122938,33048,0
15126035,32471,0
15129123,31687,0
15132200,31495,0
15135992,32231,0
15139103,32968,0
15142191,32535,0
15145286,31719,0
15148378,32087,0
15151463,32167,0
15154567,32968,0
15157608,32567,0
15160662,31831,0
15164464,31895,0
15167565,32631,0
15170621,33416,0
15173726,32840,0
15176883,32423,0
15179992,32535,0
15183747,32583,0
15186912,32936,0
15189986,32808,0
15193087,32199,0
15196196,32247,0
15199275,31991,0
15202343,33000,0
15205418,32984,0
15208564,33016,0
15211619,32535,0
15214695,32599,0
15217766,32695,0
15220880,33384,0
15223968,33064,0
15227073,32936,0
15230190,32856,0
15233268,33080,0
15236343,33576,0
15239434,33304,0
15242541,33256,0
15245637,33112,0
15248708,32952,0
15251843,33832,0
15254946,33768,0
15258626,33592,0
15261717,32984,0
15264858,33160,0
15268626,33816,0
15271723,33976,0
15274865,33720,0
15277973,33384,0
15281055,33416,0
15284154,33832,0
15287232,34616,0
15290320,34888,0
15293403,34120,0
15296507,33688,0
15300323,34088,0
15303404,34040,0
15306521,33848,0
15309648,33608,0
15312699,33304,0
15315787,33224,0
15318908,33928,0
15322009,34152,0
15325093,33608,0
15328199,33208,0
15331964,32199,0
15335032,32872,0
15338126,33272,0
15341209,32808,0
15344300,33032,0
15347381,32503,0
15350476,32904,0
15353590,33288,0
15356640,33112,0
15359689,32904,0
15362763,32824,0
15365873,33048,0
15368952,33336,0
15372066,33864,0
15375162,33512,0
15378281,32856,0
15381406,32599,0
15384512,32984,0
15388310,33176,0
15391406,32583,0
15394543,32407,0
15397630,32343,0
15400693,32519,0
15403748,33208,0
15406270,33672,0
15409337,34552,0
15412449,36520,0
15415570,39849,0
15419373,44762,0
15422500,48123,0
15425605,49164,0
15428680,49292,0
15431832,47659,0
15434932,46491,0
15438050,43770,0
15441185,40921,0
15444302,38137,0
15447408,35176,0
15451210,34344,0
15454297,34088,0
15457401,33736,0
15460521,33320,0
15463644,32535,0
15466686,33064,0
15470379,32824,0
15473540,32583,0
15476635,31687,0
15479669,31847,0
15482764,31623,0
15485891,31719,0
15488998,31815,0
15492065,31159,0
15495164,31223,0
15498228,30871,0
15501307,31767,0
15504398,32231,0
15507521,32023,0
15510649,31911,0
15513711,31799,0
15516825,31687,0
15519953,32343,0
15523689,32455,0
15526843,31911,0
15529937,31335,0
15533033,31415,0
15536153,32679,0
15539243,32503,0
15542314,32487,0
15545406,31927,0
15548527,31799,0
15551634,32263,0
15554662,32776,0
15557720,32711,0
15560846,32695,0
15563919,32119,0
15566996,32279,0
15570058,33048,0
15573177,33256,0
15576278,33064,0
15579362,32984,0
15582449,32920,0
15585594,33720,0
15588638,33608,0
15591685,33768,0
15594744,33192,0
15597877,33576,0
15600966,33336,0
15604068,34296,0
15607203,34616,0
15610315,34104,0
15613464,34440,0
15616604,34424,0
15619687,34632,0
15622828,35096,0
15626614,35224,0
15629725,35128,0
15632884,35240,0
15636003,35640,0
15639144,35592,0
15642269,35128,0
15645380,35160,0
15648496,34696,0
15651609,35128,0
15654634,35880,0
15657727,35656,0
15660851,35160,0
15663931,35016,0
15667016,34744,0
15670109,35368,0
15673208,34904,0
15676292,34072,0
15680036,33240,0
15683146,33528,0
15686224,33784,0
15689973,33224,0
15693070,32295,0
15696183,32135,0
15699258,31975,0
15702355,31879,0
15705458,32279,0
15708580,31639,0
15711620,31399,0
15714709,31447,0
15717835,31527,0
15720942,32215,0
15724047,32023,0
15727135,31495,0
15735425,31767,0
15739205,32167,0
15742319,31543,0
15745463,31191,0
15748625,31559,0
15751676,31959,0
15754840,32103,0
15758624,31959,0
15761679,31575,0
15764841,31543,0
15767945,32167,0
15771023,32311,0
15774111,32583,0
15777213,32247,0
15780310,32231,0
15783400,31959,0
15786505,32519,0
15789624,32055,0
15792662,31687,0
15795737,31959,0
15798852,32055,0
15802652,31863,0
15805719,32471,0
15808864,32007,0
15811948,31223,0
15815030,31079,0
15818129,31703,0
15821218,32343,0
15824346,31895,0
15827456,32007,0
15830582,32167,0
15833636,32295,0
15836750,32904,0
15839900,33032,0
15843023,32455,0
15846162,32023,0
15849274,32007,0
15852371,32215,0
15855475,32151,0
15858578,32503,0
15861654,32023,0
15864714,31479,0
15867850,31895,0
15870944,33080,0
15874051,33048,0
15877208,32471,0
15880299,32007,0
15883382,31543,0
15886490,32119,0
15889572,32551,0
15892626,32279,0
15896398,32071,0
15899520,31815,0
15902640,32551,0
15905686,32343,0
15908795,31863,0
15911909,31815,0
15915014,32071,0
15918115,32503,0
15921220,32679,0
15924312,32872,0
15927411,32359,0
15930536,32247,0
15933624,31911,0
15936748,32391,0
15939853,32183,0
15942960,32295,0
15946049,31895,0
15949118,31719,0
15952213,32615,0
15955302,33176,0
15958391,32727,0
15961486,32439,0
15964603,32279,0
15967648,32327,0
15970748,32487,0
15973894,32503,0
15977629,32391,0
15980722,31751,0
15983882,32231,0
15986978,32792,0
15990074,33144,0
15993166,32840,0
15996939,32808,0
16000038,32936,0
16003136,33400,0
16006235,33240,0
16009327,33384,0
16012439,33256,0
16015547,33464,0
16018639,33480,0
16021666,34184,0
16024748,33944,0
16027880,33544,0
16030960,33112,0
16034040,33608,0
16037124,34072,0
16040191,33448,0
16043289,33128,0
16046382,32711,0
16049459,32904,0
16052592,33128,0
16055647,33256,0
16058750,33096,0
16061868,32071,0
16064944,32343,0
16068036,32071,0
16071110,32808,0
16074200,32215,0
16077304,32311,0
16080392,32199,0
16083491,32359,0
16086629,32808,0
16089674,32776,0
16092736,32647,0
16095855,32311,0
16099603,32087,0
16102648,32311,0
16106419,32920,0
16109547,32647,0
16112626,31863,0
16115760,31799,0
16118916,31991,0
16122046,32215,0
16125163,32471,0
16128275,31959,0
16131372,31511,0
16134473,32151,0
16137597,33512,0
16141387,35080,0
16144500,37801,0
16147617,41914,0
16150683,44938,0
16153797,47707,0
16156972,48187,0
16160039,46987,0
16163762,45355,0
16166881,42986,0
16169965,40617,0
16173048,37849,0
16176163,35928,0
16179259,33864,0
16182352,33128,0
16185459,32888,0
16188554,33768,0
16191641,33368,0
16194682,32599,0
16197749,32279,0
16200858,31879,0
16203955,31623,0
16207043,31239,0
16210122,31463,0
16213211,31191,0
16216275,31543,0
16219344,31847,0
16222436,32023,0
16225538,31271,0
16228649,30887,0
16231675,31143,0
16234748,31159,0
16237852,31367,0
16240928,31223,0
16244033,31447,0
16247145,31143,0
16250250,31287,0
16253337,31511,0
16256429,32263,0
16259556,31639,0
16263348,31447,0
16266433,31655,0
16269559,31591,0
16272639,32295,0
16275701,32135,0
16278837,31767,0
16281923,31351,0
16285018,32375,0
16288129,32904,0
16291250,32888,0
16294335,32343,0
16297430,31831,0
16300552,32295,0
16303646,32647,0
16306674,32856,0
16309752,32135,0
16312867,32455,0
16316561,32247,0
16319634,32567,0
16322692,33656,0
16325752,33192,0
16328871,32375,0
16331966,32583,0
16335707,33416,0
16338739,33640,0
16341875,33640,0
16344973,33640,0
16348064,33752,0
16351156,34008,0
16354291,34776,0
16357375,34792,0
16360500,34648,0
16363616,34136,0
16366655,34664,0
16369746,34648,0
16372869,35448,0
16375964,35208,0
16379041,34728,0
16382139,34392,0
16385237,35128,0
16388343,35064,0
16391436,34936,0
16394554,33880,0
16397655,33464,0
16401438,33848,0
16404530,33976,0
16407655,33640,0
16410703,32567,0
16413741,32455,0
16416850,32727,0
16419956,32647,0
16423046,33144,0
16426127,31943,0
16429219,31831,0
16432291,31015,0
16435386,31735,0
16438461,31943,0
16441586,31751,0
16444662,31415,0
16447725,31415,0
16450842,31591,0
16453926,31863,0
16457055,31527,0
16460163,30999,0
16463248,30807,0
16466346,31079,0
16469445,31223,0
16472570,31975,0
16475654,31687,0
16479477,30983,0
16482554,31671,0
16485650,32199,0
16488702,32311,0
16491764,31735,0
16494878,31335,0
16497977,30727,0
16501076,31463,0
16504149,32135,0
16507271,32039,0
16510368,31719,0
16513470,31271,0
16516584,31719,0
16519625,31863,0
16522717,32343,0
16526440,31527,0
16529563,31495,0
16532646,31623,0
16535752,32327,0
16538875,32567,0
16541983,32247,0
16545068,31399,0
16548154,31383,0
16551225,32087,0
16554326,32311,0
16557407,31863,0
16560526,31831,0
16563642,31207,0
16566673,31911,0
16569757,32135,0
16573550,32055,0
16576650,31431,0
16579712,31655,0
16583535,31959,0
16586628,32439,0
16589658,32311,0
16592697,32087,0
16595750,31655,0
16598879,31655,0
16601969,32087,0
16605047,32279,0
16608186,32199,0
16611288,32167,0
16614376,31751,0
16617481,32151,0
16620597,32423,0
16623648,32695,0
16626709,31799,0
16629764,32087,0
16632883,32167,0
16635968,32151,0
16639058,32327,0
16642178,32423,0
16645278,31751,0
16648390,32023,0
16651486,32776,0
16654602,33160,0
16657660,33144,0
16660725,32647,0
16663787,32776,0
16666921,32551,0
16670020,32824,0
16673114,33096,0
16676220,32119,0
16679304,32135,0
16682399,31943,0
16685514,32567,0
16688624,33192,0
16691651,33032,0
16694703,32663,0
16697788,32311,0
16700908,32679,0
16703980,33048,0
16707077,33048,0
16710198,32199,0
16713298,32551,0
16716348,32295,0
16719462,32952,0
16722592,32615,0
16725628,32856,0
16728675,32407,0
16731743,32711,0
16735437,33320,0
16738595,33880,0
16741639,33656,0
16745461,33368,0
16748556,33016,0
16751629,33592,0
16754663,33928,0
16757750,33688,0
16761547,33304,0
16764642,32792,0
16767669,33448,0
16770712,33880,0
16773878,34056,0
16776973,34184,0
16780064,34120,0
16783170,34184,0
16786260,34104,0
16789352,34536,0
16792438,33928,0
16795551,33624,0
16798628,33512,0
16801667,33368,0
16804734,34088,0
16807888,33880,0
16810974,33128,0
16814050,32327,0
16817171,32952,0
16820241,32856,0
16823327,32904,0
16826418,31943,0
16829538,32183,0
16832647,32407,0
16835705,32920,0
16838765,32936,0
16841918,32663,0
16845005,32727,0
16848117,32263,0
16851220,32776,0
16854321,32776,0
16857429,32824,0
16860571,32391,0
16863663,32167,0
16866710,32311,0
16869749,32407,0
16872863,33288,0
16875964,32840,0
16879055,32423,0
16882133,31895,0
16885202,32679,0
16888299,32792,0
16891419,32039,0
16894528,32167,0
16897637,32776,0
16900660,34744,0
16903809,38361,0
16906938,41978,0
16910022,45707,0
16913126,48379,0
16916230,49916,0
16919337,50252,0
16922445,48891,0
16925585,45707,0
16928644,42506,0
16931714,38857,0
16935536,36200,0
16938631,35352,0
16942407,34168,0
16946070,33688,0
16949194,33352,0
16952297,33624,0
16955365,33480,0
16958459,32920,0
16961593,31559,0
16964663,31671,0
16967701,31287,0
16970783,31975,0
16979859,31591,0
16982945,31303,0
16986065,31927,0
16989206,32183,0
16992356,31271,0
16995426,31399,0
16999249,31239,0
17002360,32151,0
17005472,32023,0
17008577,32199,0
17011657,31383,0
17014714,31847,0
17017787,32119,0
17020917,32487,0
17024051,32263,0
17027151,31607,0
17030233,31895,0
17033349,32215,0
17036427,32295,0
17039548,32840,0
17042646,32695,0
17045702,32583,0
17048786,32551,0
17051936,32856,0
17055012,33128,0
17058119,33144,0
17061205,32231,0
17064299,32663,0
17067380,33032,0
17070482,33128,0
17073584,33448,0
17077351,33048,0
17080454,33112,0
17083567,33112,0
17086670,33672,0
17089727,34056,0
17092865,33832,0
17095967,33656,0
17099042,33912,0
17102871,34536,0
17105973,34616,0
17109056,34136,0
17112169,34248,0
17115258,34408,0
17119044,34936,0
17122142,34952,0
17125244,34568,0
17128355,34856,0
17131441,34904,0
17134567,35352,0
17137649,35592,0
17140690,35304,0
17143737,34680,0
17146845,34568,0
17149919,34888,0
17153008,35080,0
17156067,34776,0
17159160,34264,0
17162767,33784,0
17165903,33848,0
17169009,33816,0
17172124,33208,0
17175207,33336,0
17178314,32776,0
17181410,32439,0
17184554,32375,0
17187635,32551,0
17190723,32503,0
17193851,32151,0
17196920,31671,0
17200007,31895,0
17203096,32183,0
17206206,32327,0
17209299,31959,0
17212412,31255,0
17215514,31255,0
17219322,31751,0
17222420,32343,0
17225530,31847,0
17228655,31447,0
17231694,30919,0
17235478,31415,0
17238595,31639,0
17241643,31575,0
17244746,31639,0
17247849,31847,0
17250960,32119,0
17254073,32231,0
17257181,32343,0
17260280,31575,0
17263373,31607,0
17266460,31783,0
17269576,31767,0
17272672,32327,0
17275715,32071,0
17278844,31351,0
17281921,31959,0
17285016,31911,0
17288124,32615,0
17291199,32087,0
17294296,32151,0
17297386,31975,0
17300475,32119,0
17303588,32311,0
17306668,32776,0
17309738,31831,0
17312855,31831,0
17315951,31751,0
17319050,32071,0
17322150,31895,0
17325225,32295,0
17328321,31847,0
17331399,31799,0
17334497,32231,0
17337616,32727,0
17341396,32615,0
17344507,31975,0
17347623,31543,0
17350663,31767,0
17353742,32727,0
17356849,32439,0
17359943,32391,0
17363030,31639,0
17366134,32119,0
17369217,32679,0
17372898,32567,0
17376020,32183,0
17379117,31831,0
17382237,32423,0
17385335,32679,0
17388414,32792,0
17391529,32535,0
17394640,32039,0
17397692,32327,0
17400756,32423,0
17403887,32808,0
17406981,32551,0
17410081,32407,0
17413167,32135,0
17416262,32375,0
17419344,32615,0
17422427,33176,0
17425539,32920,0
17428631,32311,0
17431731,31879,0
17435508,32792,0
17438592,33016,0
17441632,32840,0
17444714,32631,0
17447862,32295,0
17450973,32183,0
17454063,32727,0
17457156,32631,0
17460238,32343,0
17463330,32087,0
17466403,32359,0
17469489,32952,0
17472627,32503,0
17475671,32615,0
17478725,32183,0
17481796,32663,0
17484924,32599,0
17488011,33160,0
17491092,32872,0
17494174,33144,0
17497258,32727,0
17500303,33272,0
17503379,33864,0
17506475,34136,0
17509580,33144,0
17512675,33128,0
17515728,33208,0
17518795,33288,0
17521921,33592,0
17525020,33880,0
17528771,33544,0
17531876,33688,0
17534985,34552,0
17538084,34712,0
17541192,34952,0
17544272,34456,0
17547358,34040,0
17550431,33672,0
17553552,34504,0
17556673,34376,0
17559719,33944,0
17562801,33272,0
17565947,33384,0
17569033,33608,0
17572113,34024,0
17575224,33640,0
17578297,33176,0
17581957,32968,0
17585058,32727,0
17588147,32984,0
17591258,32727,0
17595009,32151,0
17598126,32311,0
17601234,32503,0
17604340,33256,0
17607459,33144,0
17610591,32679,0
17613641,31943,0
17616710,32792,0
17619779,33112,0
17622913,33272,0
17626002,32936,0
17629098,32439,0
17632190,32295,0
17635276,32151,0
17638373,32391,0
17641451,32567,0
17644567,32215,0
17647654,31991,0
17650735,31911,0
17653874,32247,0
17656970,32279,0
17660756,32920,0
17663779,34856,0
17666898,37753,0
17669982,42122,0
17673073,45899,0
17676177,48395,0
17679268,48731,0
17682364,49276,0
17685448,47691,0
17688557,45243,0
17691665,42026,0
17694717,39433,0
17697772,36584,0
17700872,35240,0
17703937,34360,0
17707037,34328,0
17710163,33512,0
17713241,33400,0
17716332,32968,0
17719409,33048,0
17722496,33144,0
17725601,32231,0
17728648,31911,0
17731730,31719,0
17734792,31975,0
17737888,32231,0
17740991,31863,0
17744094,31079,0
17747214,31303,0
17750295,31063,0
17753381,32007,0
17756463,31719,0
17759564,31591,0
17762675,31415,0
17766469,31895,0
17769527,32327,0
17772618,32023,0
17775661,32183,0
17778729,32151,0
17781801,31847,0
17784947,32295,0
17788062,32872,0
17791665,32359,0
17794740,32135,0
17797871,32183,0
17800942,32343,0
17804062,32711,0
17807165,33208,0
17810234,32631,0
17813318,32487,0
17816427,32439,0
17819543,32872,0
17822677,32840,0
17825722,32952,0
17828866,32711,0
17832631,32455,0
17835668,32872,0
17838779,33720,0
17841918,33512,0
17845028,33448,0
17848137,33272,0
17851228,33640,0
17854324,33848,0
17857450,33960,0
17860588,33864,0
17863662,33368,0
17866730,33816,0
17869857,34696,0
17872952,34840,0
17876045,34424,0
17879150,34168,0
17882270,34536,0
17885376,34552,0
17888467,35176,0
17891579,34680,0
17894660,34536,0
17897700,34744,0
17900805,35112,0
17903947,35416,0
17907033,35848,0
17910132,35160,0
17913205,35112,0
17916294,34600,0
17920048,35016,0
17923146,34680,0
17926230,34152,0
17929334,33128,0
17932414,33352,0
17935521,33336,0
17938639,33864,0
17941697,33048,0
17944763,32984,0
17947890,32647,0
17950977,32551,0
17954061,32679,0
17957147,32663,0
17960251,31559,0
17963343,31655,0
17966463,31351,0
17969586,31911,0
17972654,31847,0
17975744,31143,0
17978878,31271,0
17981977,31031,0
17985068,31575,0
17988160,32023,0
17991251,31815,0
17994362,30983,0
17997444,31367,0
18001208,31463,0
18005021,32247,0
18008122,31671,0
18011227,31751,0
18014342,31591,0
18017450,31911,0
18021258,32471,0
18024330,31639,0
18027420,31607,0
18030501,31511,0
18033613,31655,0
18036655,32023,0
18039714,31687,0
18042799,31735,0
18045925,31719,0
18049014,31543,0
18052109,32551,0
18055200,32808,0
18058310,32519,0
18061412,32087,0
18064506,31799,0
18067635,31719,0
18070675,32519,0
18073733,32055,0
18076863,31511,0
18079944,31975,0
18083022,32071,0
18086116,32439,0
18089211,32439,0
18092283,32407,0
18095365,31671,0
18098435,31495,0
18101563,32183,0
18104640,33256,0
18107737,32968,0
18110800,32439,0
18113919,31911,0
18117016,32583,0
18120098,32727,0
18123193,32663,0
18126295,32199,0
18129388,31399,0
18132489,31719,0
18135608,31799,0
18138653,32407,0
18141757,32151,0
18144873,31271,0
18147965,31111,0
18151049,31847,0
18154153,32535,0
18157931,32487,0
18161016,31959,0
18164087,31783,0
18167170,32151,0
18170251,31975,0
18173341,32407,0
18176444,31671,0
18179551,31943,0
18182662,32215,0
18185701,32792,0
18188775,33272,0
18192574,32663,0
18195656,32343,0
18198700,32135,0
18201778,32583,0
18204904,32984,0
18207987,32984,0
18211625,32583,0
18214699,32583,0
18224469,32487,0
18227578,32055,0
18230654,32567,0
18233709,32503,0
18236862,32840,0
18240647,32679,0
18243692,32824,0
18246792,32567,0
18249931,32615,0
18253023,32904,0
18256154,33176,0
18259252,32647,0
18262353,32840,0
18265429,32615,0
18268543,33512,0
18271669,33496,0
18274705,33384,0
18277752,33352,0
18280869,32936,0
18283968,33336,0
18287070,33640,0
18290178,33880,0
18293276,33752,0
18296367,33528,0
18299470,33544,0
18302595,33944,0
18306391,34840,0
18309453,34072,0
18312568,34392,0
18315672,34280,0
18318716,34296,0
18321808,34280,0
18324949,34296,0
18328022,33944,0
18331149,33720,0
18334239,33304,0
18337338,33784,0
18340432,33688,0
18343552,33480,0
18346670,33016,0
18349708,33448,0
18352766,33864,0
18355878,33368,0
18358971,32551,0
18362055,32519,0
18365159,32167,0
18368260,32679,0
18371338,32679,0
18374434,32551,0
18377553,32711,0
18380686,32567,0
18383708,32503,0
18386785,32904,0
18389945,33336,0
18393035,32503,0
18396141,32039,0
18399244,31511,0
18402335,32519,0
18405434,32824,0
18408579,32503,0
18411646,32311,0
18414739,31671,0
18417873,32343,0
18420967,32776,0
18424045,32615,0
18427676,32071,0
18431494,32487,0
18434609,33768,0
18437650,37081,0
18440708,40153,0
18443773,43274,0
18446915,45995,0
18449989,47931,0
18453090,48523,0
18456210,48235,0
18459287,45963,0
18462378,43258,0
18465467,40425,0
18468584,38233,0
18471664,36136,0
18474758,34712,0
18478548,33000,0
18481663,33064,0
18484693,33416,0
18487780,33336,0
18490921,33016,0
18493997,32904,0
18497061,32199,0
18500136,32263,0
18503252,32007,0
18506347,32231,0
18509429,31527,0
18512547,31479,0
18515674,31959,0
18518739,32375,0
18521789,32647,0
18524917,32231,0
18528009,31527,0
18531107,31879,0
18534214,32215,0
18537320,32295,0
18540418,32007,0
18543546,31639,0
18546649,31895,0
18549706,32039,0
18552766,32439,0
18555881,32455,0
18558954,32615,0
18562001,32391,0
18565072,32295,0
18568151,32535,0
18571243,32824,0
18574334,32407,0
18577436,32039,0
18580552,32295,0
18583665,32695,0
18586721,33336,0
18589805,33304,0
18592938,32407,0
18596026,32023,0
18599103,32423,0
18602202,33176,0
18605283,33048,0
18608412,33240,0
18611487,33048,0
18614582,33224,0
18618352,33368,0
18621439,34136,0
18624549,33992,0
18627658,33960,0
18630720,33944,0
18633781,34248,0
18637497,34840,0
18640646,34904,0
18643689,34392,0
18646768,34488,0
18649886,34456,0
18652954,35064,0
18656058,35256,0
18659160,34728,0
18662242,34696,0
18666021,35016,0
18669076,35624,0
18672197,35416,0
18675271,35432,0
18678360,34968,0
18681422,34968,0
18684526,35320,0
18687654,35208,0
18690703,34968,0
18693785,34792,0
18696922,34472,0
18700014,34024,0
18703099,33848,0
18706219,33496,0
18709349,33288,0
18712445,33112,0
18716248,33096,0
18719314,33304,0
18722407,33128,0
18725507,32391,0
18728615,32343,0
18731660,32439,0
18734740,32215,0
18737861,33048,0
18740973,32904,0
18744057,32471,0
18747175,32071,0
18750292,31751,0
18753363,32151,0
18756450,32183,0
18759571,31751,0
18762688,31399,0
18765721,31527,0
18768788,31943,0
18771907,32007,0
18774980,32311,0
18778067,31735,0
18781158,32311,0
18784258,32391,0
18787353,32663,0
18791136,32503,0
18794255,31815,0
18797334,32103,0
18800424,32039,0
18803571,32231,0
18806651,32567,0
18809755,32311,0
18812885,32167,0
18815992,32071,0
18819075,32439,0
18822163,32503,0
18825263,32071,0
18828347,31607,0
18831426,31895,0
18834497,32167,0
18837623,32631,0
18840654,32615,0
18843750,32327,0
18847479,32103,0
18850627,32071,0
18853668,32920,0
18857534,32663,0
18860648,32215,0
18863682,32135,0
18866754,32167,0
18869879,32808,0
18872960,32727,0
18876693,32583,0
18879790,32391,0
18882952,32135,0
18886068,32039,0
18889160,32615,0
18892256,32599,0
18895353,32327,0
18898433,32439,0
18901529,33160,0
18904619,33272,0
18907667,32647,0
18911503,32663,0
18914636,32487,0
18917686,32679,0
18920751,33128,0
18923871,33064,0
18926950,32615,0
18930042,32023,0
18933144,32375,0
18936235,32439,0
18939345,32551,0
18942439,31767,0
18945546,32311,0
18948669,32647,0
18951723,33208,0
18954813,32936,0
18957935,33096,0
18961018,32599,0
18964087,32455,0
18967197,33080,0
18970267,33368,0
18973391,33384,0
18977170,32840,0
18980242,33080,0
18983334,32936,0
18986433,33064,0
18989565,33256,0
18992684,33448,0
18995720,33512,0
18998777,33528,0
19001909,34120,0
19005008,34344,0
19008095,34088,0
19011204,33752,0
19014300,33432,0
19017391,33624,0
19020470,34120,0
19023588,34328,0
19026670,34008,0
19029710,34296,0
19032815,34712,0
19035916,34808,0
19039017,34088,0
19042126,33384,0
19045244,33592,0
19048339,33832,0
19051435,33928,0
19054554,34184,0
19058307,33896,0
19061415,33224,0
19064493,33368,0
19067584,33112,0
19070692,33464,0
19073753,32936,0
19077546,32167,0
19080643,31879,0
19083691,32007,0
19086765,32151,0
19089872,32952,0
19093639,32776,0
19096691,32792,0
19099756,32952,0
19102882,32952,0
19105979,32615,0
19109104,32135,0
19112215,31927,0
19115324,31975,0
19118427,32087,0
19121507,32183,0
19124607,31927,0
19127664,32007,0
19130777,31863,0
19133913,32007,0
19137025,32872,0
19140123,32808,0
19143237,31975,0
19146323,31895,0
19149393,31687,0
19152483,32856,0
19155606,34888,0
19158686,37913,0
19161772,41034,0
19164837,44858,0
19167951,47755,0
19171050,49244,0
19174180,49067,0
19177283,47339,0
19180375,45163,0
19183472,42682,0
19186587,39721,0
19189671,36712,0
19192689,35128,0
19195759,33736,0
19198927,33272,0
19202004,33352,0
19205116,33624,0
19208205,33608,0
19211297,32792,0
19214375,32471,0
19217445,32055,0
19220574,32231,0
19223674,31943,0
19226690,31415,0
19229764,31447,0
19232889,31527,0
19236647,31847,0
19239692,31591,0
19242802,31127,0
19245958,31255,0
19249040,31191,0
19252131,31399,0
19255244,31479,0
19258347,31831,0
19261427,31479,0
19264509,31399,0
19268260,31655,0
19272064,31863,0
19275180,31543,0
19278267,31783,0
19281324,32311,0
19284398,32776,0
19287480,32711,0
19290603,32359,0
19293671,31959,0
19296716,32119,0
19299814,32375,0
19302931,32423,0
19306028,33048,0
19309086,32663,0
19312188,32856,0
19315284,32455,0
19318367,32904,0
19321457,32583,0
19324596,32407,0
19327668,32343,0
19330729,32920,0
19333836,33464,0
19336964,33608,0
19340067,33448,0
19343180,33368,0
19346268,33272,0
19349351,33336,0
19352420,33512,0
19355500,34216,0
19358610,33832,0
19361678,33880,0
19364726,34280,0
19367796,34264,0
19370923,34472,0
19374016,34824,0
19377138,34376,0
19380256,34840,0
19383364,34744,0
19386455,35192,0
19389568,35208,0
19392686,34488,0
19395742,34680,0
19398838,34648,0
19401974,35240,0
19405063,35000,0
19408174,34904,0
19411271,34376,0
19414369,33672,0
19417454,33944,0
19420557,34104,0
19423658,33448,0
19426679,32808,0
19429741,32984,0
19432779,32295,0
19436582,32535,0
19439682,32776,0
19442727,32391,0
19445825,31511,0
19448969,31351,0
19452740,32023,0
19455799,32183,0
19458949,32071,0
19468649,31943,0
19472417,32695,0
19475507,31927,0
19478653,31831,0
19481727,32215,0
19485442,32215,0
19488583,32695,0
19491698,31671,0
19494750,31703,0
19497795,31527,0
19500920,31511,0
19503995,32167,0
19507769,32295,0
19510875,31655,0
19513971,31399,0
19517048,31895,0
19520168,32311,0
19523293,32343,0
19526402,31783,0
19529490,31863,0
19532609,31975,0
19535692,32455,0
19538740,32792,0
19541802,32343,0
19544943,32535,0
19548007,32183,0
19551098,32151,0
19554220,32087,0
19557299,32311,0
19560380,31831,0
19563469,31399,0
19566592,31703,0
19569685,32663,0
19572717,32727,0
19575882,32471,0
19578985,31671,0
19582068,32087,0
19585181,32391,0
19588293,32503,0
19591370,31703,0
19594445,32119,0
19597552,31799,0
19600665,31671,0
19603724,32039,0
19606799,32583,0
19609937,32087,0
19613031,31399,0
19616099,31175,0
19619193,32103,0
19622255,32167,0
19625351,32199,0
19629098,31703,0
19632195,32071,0
19635285,32391,0
19638364,32183,0
19641450,31767,0
19644573,31831,0
19647675,31463,0
19650732,32071,0
19653795,31991,0
19656894,32279,0
19659992,31671,0
19663064,31351,0
19666154,32167,0
19669243,32487,0
19673018,32455,0
19676114,32695,0
19679208,32359,0
19682303,32808,0
19685382,33128,0
19688473,33192,0
19691587,32695,0
19695320,32583,0
19698425,32792,0
19701511,33240,0
19704625,32840,0
19707715,33112,0
19710783,32904,0
19713943,32904,0
19717035,33432,0
19720116,33960,0
19723202,34216,0
19726281,33976,0
19729361,33176,0
19732465,33576,0
19735569,33832,0
19738697,33800,0
19741764,32711,0
19745579,32343,0
19748675,32776,0
19752447,33496,0
19755567,33464,0
19758687,33176,0
19761716,32199,0
19764786,32519,0
19767880,32263,0
19770964,32439,0
19774014,32103,0
19777104,31847,0
19780212,31447,0
19783294,31655,0
19786371,32776,0
19789465,32936,0
19792574,32247,0
19795661,31991,0
19798756,31879,0
19801846,32599,0
19804974,32824,0
19808081,32167,0
19811824,32183,0
19814976,31751,0
19818065,32535,0
19821161,32535,0
19824245,32263,0
19827312,32455,0
19830405,32407,0
19833501,32023,0
19836615,32679,0
19839683,32792,0
19842722,32583,0
19845798,34408,0
19848933,36873,0
19852018,40857,0
19855137,44890,0
19858217,47579,0
19861297,48987,0
19864380,49596,0
19868154,48651,0
19871264,46155,0
19874349,42682,0
19877459,39561,0
19880571,36648,0
19883693,35000,0
19886725,33912,0
19889793,33688,0
19892942,33192,0
19896029,33064,0
19899121,32519,0
19902227,32968,0
19905920,32167,0
19909045,31991,0
19912141,31127,0
19915229,31127,0
19918325,31879,0
19921437,31831,0
19924514,31671,0
19927631,31255,0
19930665,31031,0
19933756,31047,0
19936834,31991,0
19939975,31943,0
19943083,31223,0
19946180,31527,0
19949262,31271,0
19952352,31575,0
19955432,31863,0
19958515,31991,0
19961595,31463,0
19964688,31255,0
19967742,31911,0
19970794,32423,0
19973955,31895,0
19977025,31687,0
19980129,31767,0
19983900,31783,0
19987010,32199,0
19990097,32936,0
19993185,32711,0
19996288,32663,0
19999370,32375,0
20002438,32888,0
20005516,33176,0
20008631,32904,0
20011671,32471,0
20014763,32615,0
20017879,32727,0
20020958,32840,0
20024050,33320,0
20027137,33224,0
20030915,33128,0
20034019,33416,0
20037116,33512,0
20040194,33720,0
20043315,33688,0
20046414,33256,0
20049503,33176,0
20052631,33800,0
20055699,34488,0
20058805,34200,0
20061907,33848,0
20065016,33816,0
20068071,34456,0
20071173,34584,0
20074257,34616,0
20077343,34568,0
20080436,34648,0
20083487,34856,0
20086614,35272,0
20089696,35288,0
20092736,34392,0
20095806,34520,0
20098910,34440,0
20102006,33960,0
20105114,34344,0
20108219,33928,0
20111989,33592,0
20115691,33288,0
20118754,33000,0
20121817,33112,0
20124960,32055,0
20128070,31639,0
20131200,31463,0
20134312,31479,0
20137402,32151,0
20140477,31927,0
20143591,31063,0
20146695,31255,0
20149755,31271,0
20152881,31671,0
20155971,31623,0
20159036,31191,0
20162119,31271,0
20165207,31207,0
20168288,31511,0
20171383,31799,0
20174504,31271,0
20177625,31671,0
20180667,31271,0
20183768,31655,0
20186887,31575,0
20189999,31415,0
20193102,31383,0
20196200,31703,0
20199304,31479,0
20202432,32135,0
20205518,32263,0
20208642,31959,0
20211682,31863,0
20214743,31383,0
20217887,31751,0
20221631,32471,0
20224676,31751,0
20227765,32023,0
20230851,31975,0
20233944,32311,0
20237044,32247,0
20240119,32535,0
20243210,31847,0
20246293,31799,0
20249406,32343,0
20252497,32647,0
20255605,32423,0
20258695,32151,0
20261748,31879,0
20264814,31863,0
20268651,32279,0
20271728,32359,0
20274796,32423,0
20277964,31943,0
20281033,31879,0
20284122,32455,0
20287226,32439,0
20290323,32599,0
20294075,32231,0
20297183,31847,0
20300272,32439,0
20303364,32215,0
20306467,32968,0
20309588,32327,0
20312692,31815,0
20315738,31799,0
20318806,32535,0
20321945,32471,0
20325603,32471,0
20328679,31959,0
20331738,32247,0
20334803,32679,0
20337939,32407,0
20341039,32840,0
20344139,32199,0
20347244,32359,0
20350335,32471,0
20353432,32631,0
20356529,32551,0
20359639,32663,0
20362680,32567,0
20365744,32824,0
20368840,32631,0
20371966,33016,0
20375055,32183,0
20378153,32439,0
20381261,32311,0
20384372,32359,0
20387466,32503,0
20390573,33048,0
20393685,32920,0
20396739,32840,0
20399819,33288,0
20402983,33640,0
20406094,33880,0
20409813,33656,0
20412940,33064,0
20416005,33416,0
20419103,33208,0
20422196,33608,0
20425283,33736,0
20428379,33272,0
20431442,33784,0
